[{"schemeId":1,"schemeName":"Crm Order","adapterType":"sap","group":null,"active":true,"adapterMetadataList":[],"requestHeaders":[],"restTemplates":{"UPDATE_RECORD":{"templateId":3,"operation":"UPDATE_RECORD","httpVerb":"PUT","restUrl":"/sap/bc/zcrmcall/Z_FM_CRM_ORDER_UPDATE?sap-client=${Instance}","specifications":{"Response":{"specId":2,"type":"Response","adapterType":null,"specType":"JOLT","status":"Active","specification":"[\n{\n    \"operation\": \"shift\",\n    \"spec\": {\n        \"EV_CRM_UPDATE\": {\n            \"OBJECT_ID\": \"id\",\n            \"*\":\"fields.&\"\n        }\n    }\n}]","samplePayload":"{\n    \"EV_CRM_UPDATE\": {\n        \"OBJECT_ID\": \"8000000089\",\n        \"DESCRIPTION\": \"Testing updated with Postman\",\n        \"PARTNER\": \"\",\n        \"PRIORITY\": \"3\",\n        \"EV_STATUS\": \"New\"\n    },\n    \"EV_STATUS\": \"Update Success\"\n}","statusCode":2,"contentAvailable":true},"Request":{"specId":1,"type":"Request","adapterType":null,"specType":"JOLT","status":"Active","specification":"[\n  {\n    \"operation\": \"shift\",\n    \"spec\": {\n        \"id\": \"is_crm_update.object_id\",\n        \"fields\": {\n        \"*\": \"is_crm_update.&\"\n        \n      }\n   } \n  }\n]","samplePayload":"{\n  \"id\": \"TP-4\",\n  \"fields\": {\n    \"DESCRIPTION\": \"Test for API creation 2\",\n    \"PRIORITY\": \"1\",\n    \"PARTNER\":\"2110\",\n\"STATUS\":\"New\"\n  }\n}","statusCode":2,"contentAvailable":true}}},"QUERY_RECORD_BY_ID":{"templateId":1,"operation":"QUERY_RECORD_BY_ID","httpVerb":"GET","restUrl":"/sap/bc/zcrmcall/Z_FM_CRM_GET_ORDER?iv_objectid=${recordId}&sap-client=${Instance}","specifications":{"Response":{"specId":4,"type":"Response","adapterType":null,"specType":"JOLT","status":"Active","specification":"[\n  {\n    \"operation\": \"shift\",\n    \"spec\": {\n      \"CT_ORDER_HEADER\": {\n        \"0\": {\n          \"OBJECT_ID\": \"id\",\n          \"DESCRIPTION\": \"fields.&\",\n          \"CREATED_AT\": \"fields.&\",\n          \"CHANGED_AT\": \"fields.&\",\n          \"PRIORITY\": \"fields.&\",\n          \"PARTNER\": \"fields.&\",\n          \"STATUS\": \"fields.&\",\n          \"NOTES\": \"fields.&\"\n        }\n      }\n    }\n  }\n]","samplePayload":"{\n    \"EV_STATUS\": \"\",\n    \"CT_ORDER_HEADER\": [\n        {\n            \"CLIENT\": \"100\",\n            \"GUID\": \"000C2966C1591EDB87DE7EF3E7EA5BA1\",\n            \"OBJECT_ID\": \"5000000001\",\n            \"PROCESS_TYPE\": \"SMIN\",\n            \"POSTING_DATE\": \"2020-11-05\",\n            \"DESCRIPTION\": \"Update from SAP\",\n            \"DESCR_LANGUAGE\": \"E\",\n            \"LOGICAL_SYSTEM\": \"S11CLNT100\",\n            \"CRM_RELEASE\": \"BBPCRM 713\",\n            \"SCENARIO\": \" A\",\n            \"TEMPLATE_TYPE\": \"\",\n            \"CREATED_AT\": \"20201104231917\",\n            \"CREATED_BY\": \"HEMANTHD\",\n            \"CHANGED_AT\": \"20201105002152\",\n            \"CHANGED_BY\": \"HEMANTHD\",\n            \"HEAD_CHANGED_AT\": \"20201105002152\",\n            \"ORDERADM_H_DUMMY\": \"\",\n            \"INPUT_CHANNEL\": \"\",\n            \"BTX_CLASS\": \"\",\n            \"AUTH_SCOPE\": \"000000\",\n            \"COMP_TX_HEADER\": \"00000000000000000000000000000000\",\n            \"OBJECT_TYPE\": \"BUS2000223\",\n            \"ARCHIVING_FLAG\": \"\",\n            \"DESCRIPTION_UC\": \"UPDATE FROM SAP\",\n            \"OBJECT_ID_OK\": \"X\",\n            \"VERIFY_DATE\": \"0\",\n            \"CRM_CHANGED_AT\": \"20201105002152\",\n            \"POSTPROCESS_AT\": \"0\",\n            \"STATUS\": \"E0009\",\n            \"NOTES\": \"\"\n        }\n    ],\n    \"CT_TEXT\": []\n}","statusCode":2,"contentAvailable":true},"Request":{"specId":3,"type":"Request","adapterType":null,"specType":null,"status":"Active","specification":null,"samplePayload":null,"statusCode":2,"contentAvailable":false}}},"QUERY_MODIFIED_RECORDS":{"templateId":2,"operation":"QUERY_MODIFIED_RECORDS","httpVerb":"GET","restUrl":"/sap/bc/zcrmcall/Z_FM_CRM_GET_ORDER?iv_creation_dt=${last-modified-time}&sap-client=${Instance}","specifications":{"Response":{"specId":6,"type":"Response","adapterType":null,"specType":"JOLT","status":"Active","specification":"[\n  {\n    \"operation\": \"shift\",\n    \"spec\": {\n      \"CT_ORDER_HEADER\": {\n        \"*\": {\n          \"OBJECT_ID\": \"result.[&1].id\",\n          \"DESCRIPTION\": \"result.[&1].fields.&\",\n          \"CHANGED_AT\": \"result.[&1].fields.&\",\n          \"PRIORITY\": \"result.[&1].fields.&\",\n          \"PARTNER\": \"result.[&1].fields.&\",\n          \"STATUS\":\"result.[&1].fields.&\",\n\"NOTES\":\"result.[&1].fields.&\"\n        }\n      }\n    }\n  },\n  {\n    \"operation\": \"modify-overwrite-beta\",\n    \"spec\": {\n      \"totalrecords\": \"=size(@(1,result))\"\n    }\n  }\n]\n","samplePayload":"{\n    \"EV_STATUS\": \"\",\n    \"CT_ORDER_HEADER\": [\n        {\n            \"CLIENT\": \"100\",\n            \"GUID\": \"000C2966C1591EDB87D1DE97EA50908C\",\n            \"OBJECT_ID\": \"8000000124\",\n            \"PROCESS_TYPE\": \"ZMIN\",\n            \"POSTING_DATE\": \"2020-11-04\",\n            \"DESCRIPTION\": \"Disk Usage\",\n            \"DESCR_LANGUAGE\": \"E\",\n            \"LOGICAL_SYSTEM\": \"S11CLNT100\",\n            \"CRM_RELEASE\": \"BBPCRM 713\",\n            \"SCENARIO\": \" A\",\n            \"TEMPLATE_TYPE\": \"\",\n            \"CREATED_AT\": \"20201104111453\",\n            \"CREATED_BY\": \"SOLMAN_BTC\",\n            \"CHANGED_AT\": \"20201104111453\",\n            \"CHANGED_BY\": \"SOLMAN_BTC\",\n            \"HEAD_CHANGED_AT\": \"20201104111453\",\n            \"ORDERADM_H_DUMMY\": \"\",\n            \"INPUT_CHANNEL\": \"\",\n            \"BTX_CLASS\": \"\",\n            \"AUTH_SCOPE\": \"000000\",\n            \"COMP_TX_HEADER\": \"00000000000000000000000000000000\",\n            \"OBJECT_TYPE\": \"BUS2000223\",\n            \"ARCHIVING_FLAG\": \"\",\n            \"DESCRIPTION_UC\": \"DISK USAGE\",\n            \"OBJECT_ID_OK\": \"X\",\n            \"VERIFY_DATE\": \"0\",\n            \"CRM_CHANGED_AT\": \"20201104111453\",\n            \"POSTPROCESS_AT\": \"0\",\n            \"STATUS\": \"E0001\",\n            \"NOTES\": \"Description\\r\\n11/04/2020          13:19:11            SOLMAN_BTC\\r\\n\\r\\nAlert Details\\r\\nName....................Disk Usage\\r\\nStart Time..............04.11.2020 13:19:05 CAT\\r\\nEnd Time................04.11.2020 13:19:05 CAT\\r\\nManaged Object..........SM2\\r\\nManaged Object Type.....Database\\r\\nRating..................Yellow\\r\\nCategory................Exceptions\\r\\nStatus..................Open\\r\\n\\r\\nAlert Description\\r\\n\\r\\nHigh disk space utilization was detected. Check disk usage. Out of disk\\r\\nspace may result in a complete standstill.<(>&<)>lt;br /\\r\\n<(>&<)>gt;http://saphyss198.\\r\\npoc.eoh.co.za:50000/sap/bc/webdynpro/sap/dba_cockpit?action_id=113\\r\\n<(>&<)>syste\\r\\nm_id=SM2<(>&<)>time_from=20201104111905%20\\r\\n<(>&<)>time_to=20201104111905%20<(>&<)>time_zone\\r\\n=UTC\\r\\nPlease also refer to SAP note 1870858 - HANA Alerts related to file syst\\r\\nem utilization\\r\\nPlease refer to SAP note 2083715 - Analyzing log volume full situations\\r\\n\"\n        },\n        {\n            \"CLIENT\": \"100\",\n            \"GUID\": \"000C2966C1591EDB87D370E3203E11F2\",\n            \"OBJECT_ID\": \"8000000125\",\n            \"PROCESS_TYPE\": \"ZMIN\",\n            \"POSTING_DATE\": \"2020-11-04\",\n            \"DESCRIPTION\": \"High number of threads waiting for locks\",\n            \"DESCR_LANGUAGE\": \"E\",\n            \"LOGICAL_SYSTEM\": \"S11CLNT100\",\n            \"CRM_RELEASE\": \"BBPCRM 713\",\n            \"SCENARIO\": \" A\",\n            \"TEMPLATE_TYPE\": \"\",\n            \"CREATED_AT\": \"20201104124454\",\n            \"CREATED_BY\": \"SOLMAN_BTC\",\n            \"CHANGED_AT\": \"20201104124454\",\n            \"CHANGED_BY\": \"SOLMAN_BTC\",\n            \"HEAD_CHANGED_AT\": \"20201104124454\",\n            \"ORDERADM_H_DUMMY\": \"\",\n            \"INPUT_CHANNEL\": \"\",\n            \"BTX_CLASS\": \"\",\n            \"AUTH_SCOPE\": \"000000\",\n            \"COMP_TX_HEADER\": \"00000000000000000000000000000000\",\n            \"OBJECT_TYPE\": \"BUS2000223\",\n            \"ARCHIVING_FLAG\": \"\",\n            \"DESCRIPTION_UC\": \"HIGH NUMBER OF THREADS WAITING FOR LOCKS\",\n            \"OBJECT_ID_OK\": \"X\",\n            \"VERIFY_DATE\": \"0\",\n            \"CRM_CHANGED_AT\": \"20201104124454\",\n            \"POSTPROCESS_AT\": \"0\",\n            \"STATUS\": \"E0001\",\n            \"NOTES\": \"Description\\r\\n11/04/2020          14:49:13            SOLMAN_BTC\\r\\n\\r\\nAlert Details\\r\\nName....................High number of threads waiting for locks\\r\\nStart Time..............04.11.2020 14:49:06 CAT\\r\\nEnd Time................04.11.2020 14:49:06 CAT\\r\\nManaged Object..........SM2\\r\\nManaged Object Type.....Database\\r\\nRating..................Yellow\\r\\nCategory................Performance\\r\\nStatus..................Open\\r\\n\\r\\nAlert Description\\r\\n\\r\\nA high number of blocked threads were detected. This may indicate a perf\\r\\normance problems. Try to find the blocking reason. More details can be f\\r\\nound in the thread details within the active thread overview or by check\\r\\ning the active thread history. Analyze and eliminate current transaction\\r\\nal and internal lock wait situations.\\r\\nCheck SAP note 1999998 - 'FAQ: SAP HANA Lock Analysis' for information h\\r\\now to solve locking situations.\\r\\n\"\n        },\n        {\n            \"CLIENT\": \"100\",\n            \"GUID\": \"000C2966C1591EDB87D3F6E3023F9270\",\n            \"OBJECT_ID\": \"8000000126\",\n            \"PROCESS_TYPE\": \"ZMIN\",\n            \"POSTING_DATE\": \"2020-11-04\",\n            \"DESCRIPTION\": \"Columnstore Unloads\",\n            \"DESCR_LANGUAGE\": \"E\",\n            \"LOGICAL_SYSTEM\": \"S11CLNT100\",\n            \"CRM_RELEASE\": \"BBPCRM 713\",\n            \"SCENARIO\": \" A\",\n            \"TEMPLATE_TYPE\": \"\",\n            \"CREATED_AT\": \"20201104131452\",\n            \"CREATED_BY\": \"SOLMAN_BTC\",\n            \"CHANGED_AT\": \"20201104131452\",\n            \"CHANGED_BY\": \"SOLMAN_BTC\",\n            \"HEAD_CHANGED_AT\": \"20201104131452\",\n            \"ORDERADM_H_DUMMY\": \"\",\n            \"INPUT_CHANNEL\": \"\",\n            \"BTX_CLASS\": \"\",\n            \"AUTH_SCOPE\": \"000000\",\n            \"COMP_TX_HEADER\": \"00000000000000000000000000000000\",\n            \"OBJECT_TYPE\": \"BUS2000223\",\n            \"ARCHIVING_FLAG\": \"\",\n            \"DESCRIPTION_UC\": \"COLUMNSTORE UNLOADS\",\n            \"OBJECT_ID_OK\": \"X\",\n            \"VERIFY_DATE\": \"0\",\n            \"CRM_CHANGED_AT\": \"20201104131452\",\n            \"POSTPROCESS_AT\": \"0\",\n            \"STATUS\": \"E0001\",\n            \"NOTES\": \"Description\\r\\n11/04/2020          15:19:11            SOLMAN_BTC\\r\\n\\r\\nAlert Details\\r\\nName....................Columnstore Unloads\\r\\nStart Time..............04.11.2020 15:19:06 CAT\\r\\nEnd Time................04.11.2020 15:19:06 CAT\\r\\nManaged Object..........SM2\\r\\nManaged Object Type.....Database\\r\\nRating..................Yellow\\r\\nCategory................Exceptions\\r\\nStatus..................Open\\r\\n\\r\\nAlert Description\\r\\n\\r\\nColumnstore unloads have been detected. This can have a negative impact\\r\\nto performance .<(>&<)>lt;br /<(>&<)>gt;Check sizing with respect to\\r\\ndata distributi\\r\\non.\\r\\nPlease also refer to SAP note 1999997 - FAQ: SAP HANA Memory\\r\\nPlease also refer to SAP note 2127458 - FAQ: SAP HANA Loads and Unloads\\r\\n\"\n        },\n        {\n            \"CLIENT\": \"100\",\n            \"GUID\": \"000C2966C1591EDB87D508FC9BB79363\",\n            \"OBJECT_ID\": \"8000000127\",\n            \"PROCESS_TYPE\": \"ZMIN\",\n            \"POSTING_DATE\": \"2020-11-04\",\n            \"DESCRIPTION\": \"Most Recent Savepoint Operation\",\n            \"DESCR_LANGUAGE\": \"E\",\n            \"LOGICAL_SYSTEM\": \"S11CLNT100\",\n            \"CRM_RELEASE\": \"BBPCRM 713\",\n            \"SCENARIO\": \" A\",\n            \"TEMPLATE_TYPE\": \"\",\n            \"CREATED_AT\": \"20201104141610\",\n            \"CREATED_BY\": \"SOLMAN_BTC\",\n            \"CHANGED_AT\": \"20201104141610\",\n            \"CHANGED_BY\": \"SOLMAN_BTC\",\n            \"HEAD_CHANGED_AT\": \"20201104141610\",\n            \"ORDERADM_H_DUMMY\": \"\",\n            \"INPUT_CHANNEL\": \"\",\n            \"BTX_CLASS\": \"\",\n            \"AUTH_SCOPE\": \"000000\",\n            \"COMP_TX_HEADER\": \"00000000000000000000000000000000\",\n            \"OBJECT_TYPE\": \"BUS2000223\",\n            \"ARCHIVING_FLAG\": \"\",\n            \"DESCRIPTION_UC\": \"MOST RECENT SAVEPOINT OPERATION\",\n            \"OBJECT_ID_OK\": \"X\",\n            \"VERIFY_DATE\": \"0\",\n            \"CRM_CHANGED_AT\": \"20201104141610\",\n            \"POSTPROCESS_AT\": \"0\",\n            \"STATUS\": \"E0001\",\n            \"NOTES\": \"Description\\r\\n11/04/2020          16:20:29            SOLMAN_BTC\\r\\n\\r\\nAlert Details\\r\\nName....................Most Recent Savepoint Operation\\r\\nStart Time..............04.11.2020 16:20:24 CAT\\r\\nEnd Time................04.11.2020 16:20:24 CAT\\r\\nManaged Object..........SM2\\r\\nManaged Object Type.....Database\\r\\nRating..................Yellow\\r\\nCategory................Exceptions\\r\\nStatus..................Open\\r\\n\\r\\nAlert Description\\r\\n\\r\\nThe savepoint operation is too long ago. Check why the savepoint operati\\r\\non is delayed. Consider to trigger save point manually.\\r\\nPlease also refer to SAP note 1999930 - FAQ: SAP HANA I/O Analysis\\r\\nPlease also refer to SAP note 2100009 - FAQ: SAP HANA Savepoints\\r\\n\"\n        },\n        {\n            \"CLIENT\": \"100\",\n            \"GUID\": \"000C2966C1591EDB87D61A06A5B9944C\",\n            \"OBJECT_ID\": \"8000000128\",\n            \"PROCESS_TYPE\": \"ZMIN\",\n            \"POSTING_DATE\": \"2020-11-04\",\n            \"DESCRIPTION\": \"Columnstore Unloads\",\n            \"DESCR_LANGUAGE\": \"E\",\n            \"LOGICAL_SYSTEM\": \"S11CLNT100\",\n            \"CRM_RELEASE\": \"BBPCRM 713\",\n            \"SCENARIO\": \" A\",\n            \"TEMPLATE_TYPE\": \"\",\n            \"CREATED_AT\": \"20201104151722\",\n            \"CREATED_BY\": \"SOLMAN_BTC\",\n            \"CHANGED_AT\": \"20201104151722\",\n            \"CHANGED_BY\": \"SOLMAN_BTC\",\n            \"HEAD_CHANGED_AT\": \"20201104151722\",\n            \"ORDERADM_H_DUMMY\": \"\",\n            \"INPUT_CHANNEL\": \"\",\n            \"BTX_CLASS\": \"\",\n            \"AUTH_SCOPE\": \"000000\",\n            \"COMP_TX_HEADER\": \"00000000000000000000000000000000\",\n            \"OBJECT_TYPE\": \"BUS2000223\",\n            \"ARCHIVING_FLAG\": \"\",\n            \"DESCRIPTION_UC\": \"COLUMNSTORE UNLOADS\",\n            \"OBJECT_ID_OK\": \"X\",\n            \"VERIFY_DATE\": \"0\",\n            \"CRM_CHANGED_AT\": \"20201104151722\",\n            \"POSTPROCESS_AT\": \"0\",\n            \"STATUS\": \"E0001\",\n            \"NOTES\": \"Description\\r\\n11/04/2020          17:21:41            SOLMAN_BTC\\r\\n\\r\\nAlert Details\\r\\nName....................Columnstore Unloads\\r\\nStart Time..............04.11.2020 17:21:24 CAT\\r\\nEnd Time................04.11.2020 17:21:24 CAT\\r\\nManaged Object..........SM2\\r\\nManaged Object Type.....Database\\r\\nRating..................Red\\r\\nCategory................Exceptions\\r\\nStatus..................Open\\r\\n\\r\\nAlert Description\\r\\n\\r\\nColumnstore unloads have been detected. This can have a negative impact\\r\\nto performance .<(>&<)>lt;br /<(>&<)>gt;Check sizing with respect to\\r\\ndata distributi\\r\\non.\\r\\nPlease also refer to SAP note 1999997 - FAQ: SAP HANA Memory\\r\\nPlease also refer to SAP note 2127458 - FAQ: SAP HANA Loads and Unloads\\r\\n\"\n        },\n        {\n            \"CLIENT\": \"100\",\n            \"GUID\": \"000C2966C1591EDB87D61AD863E8744C\",\n            \"OBJECT_ID\": \"8000000129\",\n            \"PROCESS_TYPE\": \"ZMIN\",\n            \"POSTING_DATE\": \"2020-11-04\",\n            \"DESCRIPTION\": \"Disabled Metrics\",\n            \"DESCR_LANGUAGE\": \"E\",\n            \"LOGICAL_SYSTEM\": \"S11CLNT100\",\n            \"CRM_RELEASE\": \"BBPCRM 713\",\n            \"SCENARIO\": \" A\",\n            \"TEMPLATE_TYPE\": \"\",\n            \"CREATED_AT\": \"20201104151723\",\n            \"CREATED_BY\": \"SOLMAN_BTC\",\n            \"CHANGED_AT\": \"20201104151723\",\n            \"CHANGED_BY\": \"SOLMAN_BTC\",\n            \"HEAD_CHANGED_AT\": \"20201104151723\",\n            \"ORDERADM_H_DUMMY\": \"\",\n            \"INPUT_CHANNEL\": \"\",\n            \"BTX_CLASS\": \"\",\n            \"AUTH_SCOPE\": \"000000\",\n            \"COMP_TX_HEADER\": \"00000000000000000000000000000000\",\n            \"OBJECT_TYPE\": \"BUS2000223\",\n            \"ARCHIVING_FLAG\": \"\",\n            \"DESCRIPTION_UC\": \"DISABLED METRICS\",\n            \"OBJECT_ID_OK\": \"X\",\n            \"VERIFY_DATE\": \"0\",\n            \"CRM_CHANGED_AT\": \"20201104151723\",\n            \"POSTPROCESS_AT\": \"0\",\n            \"STATUS\": \"E0001\",\n            \"NOTES\": \"Description\\r\\n11/04/2020          17:21:42            SOLMAN_BTC\\r\\n\\r\\nAlert Details\\r\\nName....................Disabled Metrics\\r\\nStart Time..............04.11.2020 17:21:24 CAT\\r\\nEnd Time................04.11.2020 17:21:24 CAT\\r\\nManaged Object..........SM2\\r\\nManaged Object Type.....Database\\r\\nRating..................Red\\r\\nCategory................Exceptions\\r\\nStatus..................Open\\r\\n\\r\\nAlert Description\\r\\n\\r\\nHANA alert metrics are disabled within the embedded statisticsserver. Th\\r\\nis results in gray metrics and no measurements taking place until these\\r\\nmetrics are enabled again. Metrics are disabled if their runtime was too\\r\\n long. They should be automatically enabled again by HANA. If not you ma\\r\\ny also manually enabled them again.\\r\\nPlease check SAP note 2113228 - 'SAP HANA: Embedded statistics server is\\r\\n not correctly purging' for information how to enable disabled metrics a\\r\\nnd SAP note 2147247 - 'FAQ: SAP HANA Statistics Server' for further info\\r\\nrmation.\\r\\n\"\n        },\n        {\n            \"CLIENT\": \"100\",\n            \"GUID\": \"000C2966C1591EDB87D61AD86419344C\",\n            \"OBJECT_ID\": \"8000000130\",\n            \"PROCESS_TYPE\": \"ZMIN\",\n            \"POSTING_DATE\": \"2020-11-04\",\n            \"DESCRIPTION\": \"Most Recent Savepoint Operation\",\n            \"DESCR_LANGUAGE\": \"E\",\n            \"LOGICAL_SYSTEM\": \"S11CLNT100\",\n            \"CRM_RELEASE\": \"BBPCRM 713\",\n            \"SCENARIO\": \" A\",\n            \"TEMPLATE_TYPE\": \"\",\n            \"CREATED_AT\": \"20201104151724\",\n            \"CREATED_BY\": \"SOLMAN_BTC\",\n            \"CHANGED_AT\": \"20201104151724\",\n            \"CHANGED_BY\": \"SOLMAN_BTC\",\n            \"HEAD_CHANGED_AT\": \"20201104151724\",\n            \"ORDERADM_H_DUMMY\": \"\",\n            \"INPUT_CHANNEL\": \"\",\n            \"BTX_CLASS\": \"\",\n            \"AUTH_SCOPE\": \"000000\",\n            \"COMP_TX_HEADER\": \"00000000000000000000000000000000\",\n            \"OBJECT_TYPE\": \"BUS2000223\",\n            \"ARCHIVING_FLAG\": \"\",\n            \"DESCRIPTION_UC\": \"MOST RECENT SAVEPOINT OPERATION\",\n            \"OBJECT_ID_OK\": \"X\",\n            \"VERIFY_DATE\": \"0\",\n            \"CRM_CHANGED_AT\": \"20201104151724\",\n            \"POSTPROCESS_AT\": \"0\",\n            \"STATUS\": \"E0001\",\n            \"NOTES\": \"Description\\r\\n11/04/2020          17:21:43            SOLMAN_BTC\\r\\n\\r\\nAlert Details\\r\\nName....................Most Recent Savepoint Operation\\r\\nStart Time..............04.11.2020 17:21:24 CAT\\r\\nEnd Time................04.11.2020 17:21:24 CAT\\r\\nManaged Object..........SM2\\r\\nManaged Object Type.....Database\\r\\nRating..................Red\\r\\nCategory................Exceptions\\r\\nStatus..................Open\\r\\n\\r\\nAlert Description\\r\\n\\r\\nThe savepoint operation is too long ago. Check why the savepoint operati\\r\\non is delayed. Consider to trigger save point manually.\\r\\nPlease also refer to SAP note 1999930 - FAQ: SAP HANA I/O Analysis\\r\\nPlease also refer to SAP note 2100009 - FAQ: SAP HANA Savepoints\\r\\n\"\n        },\n        {\n            \"CLIENT\": \"100\",\n            \"GUID\": \"000C2966C1591EDB87D705621CAE9515\",\n            \"OBJECT_ID\": \"8000000131\",\n            \"PROCESS_TYPE\": \"SMIN\",\n            \"POSTING_DATE\": \"2020-11-04\",\n            \"DESCRIPTION\": \"Enqueue Processing\",\n            \"DESCR_LANGUAGE\": \"E\",\n            \"LOGICAL_SYSTEM\": \"S11CLNT100\",\n            \"CRM_RELEASE\": \"BBPCRM 713\",\n            \"SCENARIO\": \" A\",\n            \"TEMPLATE_TYPE\": \"\",\n            \"CREATED_AT\": \"20201104160954\",\n            \"CREATED_BY\": \"SOLMAN_BTC\",\n            \"CHANGED_AT\": \"20201104160954\",\n            \"CHANGED_BY\": \"SOLMAN_BTC\",\n            \"HEAD_CHANGED_AT\": \"20201104160954\",\n            \"ORDERADM_H_DUMMY\": \"\",\n            \"INPUT_CHANNEL\": \"\",\n            \"BTX_CLASS\": \"\",\n            \"AUTH_SCOPE\": \"000000\",\n            \"COMP_TX_HEADER\": \"00000000000000000000000000000000\",\n            \"OBJECT_TYPE\": \"BUS2000223\",\n            \"ARCHIVING_FLAG\": \"\",\n            \"DESCRIPTION_UC\": \"ENQUEUE PROCESSING\",\n            \"OBJECT_ID_OK\": \"X\",\n            \"VERIFY_DATE\": \"0\",\n            \"CRM_CHANGED_AT\": \"20201104160954\",\n            \"POSTPROCESS_AT\": \"0\",\n            \"STATUS\": \"E0001\",\n            \"NOTES\": \"SY-SYSID ............... SM2\\r\\nSY-MANDT ............... 100\\r\\n\\r\\nInstallation number .... 0020789055\\r\\n\\r\\nSystem type ............ Development System\\r\\n\\r\\nSAP version\\r\\nRelease ................ 740\\r\\nSupport Package Level .. 0019\\r\\n\\r\\nDatabase ............... SAP 2.00.044.00.1571\\r\\n\\r\\nDatabase Server\\r\\nVendor ................. HITACHI\\r\\nName ................... saphanadb4\\r\\nIP address ............. 10.10.52.200\\r\\nType ................... P\\r\\nCPU type ............... Intel(R) Xeon(R) CPU E7-8880 v2 @ 2.50GHz\\r\\nOperating system ....... SUSE Linux Enterprise Server for SAP Applications SLES12\\r\\n\\r\\nMessage Server\\r\\nVendor .................\\r\\nName ................... saphyss198\\r\\nIP address ............. 10.10.52.198\\r\\nType ................... U\\r\\nCPU type ...............\\r\\nOperating system ....... Linux 4.4.73-7-default\\r\\n\\r\\nSoftware Component/Release/Support Package Level\\r\\nBBPCRM                          713         0016\\r\\nBI_CONT                         757         0018\\r\\nBP-SOLBLD                       70VA\\r\\nCPRXRPMCTS_PLUGGRCFND_AGRCPINWIW\"\n        },\n        {\n            \"CLIENT\": \"100\",\n            \"GUID\": \"000C2966C1591EDB87D705AE468E7515\",\n            \"OBJECT_ID\": \"8000000132\",\n            \"PROCESS_TYPE\": \"SMIN\",\n            \"POSTING_DATE\": \"2020-11-04\",\n            \"DESCRIPTION\": \"bgRFC Errors\",\n            \"DESCR_LANGUAGE\": \"E\",\n            \"LOGICAL_SYSTEM\": \"S11CLNT100\",\n            \"CRM_RELEASE\": \"BBPCRM 713\",\n            \"SCENARIO\": \" A\",\n            \"TEMPLATE_TYPE\": \"\",\n            \"CREATED_AT\": \"20201104160957\",\n            \"CREATED_BY\": \"SOLMAN_BTC\",\n            \"CHANGED_AT\": \"20201104160957\",\n            \"CHANGED_BY\": \"SOLMAN_BTC\",\n            \"HEAD_CHANGED_AT\": \"20201104160957\",\n            \"ORDERADM_H_DUMMY\": \"\",\n            \"INPUT_CHANNEL\": \"\",\n            \"BTX_CLASS\": \"\",\n            \"AUTH_SCOPE\": \"000000\",\n            \"COMP_TX_HEADER\": \"00000000000000000000000000000000\",\n            \"OBJECT_TYPE\": \"BUS2000223\",\n            \"ARCHIVING_FLAG\": \"\",\n            \"DESCRIPTION_UC\": \"BGRFC ERRORS\",\n            \"OBJECT_ID_OK\": \"X\",\n            \"VERIFY_DATE\": \"0\",\n            \"CRM_CHANGED_AT\": \"20201104160957\",\n            \"POSTPROCESS_AT\": \"0\",\n            \"STATUS\": \"E0001\",\n            \"NOTES\": \"SY-SYSID ............... SM2\\r\\nSY-MANDT ............... 100\\r\\n\\r\\nInstallation number .... 0020789055\\r\\n\\r\\nSystem type ............ Development System\\r\\n\\r\\nSAP version\\r\\nRelease ................ 740\\r\\nSupport Package Level .. 0019\\r\\n\\r\\nDatabase ............... SAP 2.00.044.00.1571\\r\\n\\r\\nDatabase Server\\r\\nVendor ................. HITACHI\\r\\nName ................... saphanadb4\\r\\nIP address ............. 10.10.52.200\\r\\nType ................... P\\r\\nCPU type ............... Intel(R) Xeon(R) CPU E7-8880 v2 @ 2.50GHz\\r\\nOperating system ....... SUSE Linux Enterprise Server for SAP Applications SLES12\\r\\n\\r\\nMessage Server\\r\\nVendor .................\\r\\nName ................... saphyss198\\r\\nIP address ............. 10.10.52.198\\r\\nType ................... U\\r\\nCPU type ...............\\r\\nOperating system ....... Linux 4.4.73-7-default\\r\\n\\r\\nSoftware Component/Release/Support Package Level\\r\\nBBPCRM                          713         0016\\r\\nBI_CONT                         757         0018\\r\\nBP-SOLBLD                       70VA\\r\\nCPRXRPMCTS_PLUGGRCFND_AGRCPINWIW\"\n        },\n        {\n            \"CLIENT\": \"100\",\n            \"GUID\": \"000C2966C1591EDB87D70AEB8773D524\",\n            \"OBJECT_ID\": \"8000000134\",\n            \"PROCESS_TYPE\": \"SMIN\",\n            \"POSTING_DATE\": \"2020-11-04\",\n            \"DESCRIPTION\": \"Runtime of the Log Backups\",\n            \"DESCR_LANGUAGE\": \"E\",\n            \"LOGICAL_SYSTEM\": \"S11CLNT100\",\n            \"CRM_RELEASE\": \"BBPCRM 713\",\n            \"SCENARIO\": \" A\",\n            \"TEMPLATE_TYPE\": \"\",\n            \"CREATED_AT\": \"20201104161108\",\n            \"CREATED_BY\": \"SOLMAN_BTC\",\n            \"CHANGED_AT\": \"20201104161108\",\n            \"CHANGED_BY\": \"SOLMAN_BTC\",\n            \"HEAD_CHANGED_AT\": \"20201104161108\",\n            \"ORDERADM_H_DUMMY\": \"\",\n            \"INPUT_CHANNEL\": \"\",\n            \"BTX_CLASS\": \"\",\n            \"AUTH_SCOPE\": \"000000\",\n            \"COMP_TX_HEADER\": \"00000000000000000000000000000000\",\n            \"OBJECT_TYPE\": \"BUS2000223\",\n            \"ARCHIVING_FLAG\": \"\",\n            \"DESCRIPTION_UC\": \"RUNTIME OF THE LOG BACKUPS\",\n            \"OBJECT_ID_OK\": \"X\",\n            \"VERIFY_DATE\": \"0\",\n            \"CRM_CHANGED_AT\": \"20201104161108\",\n            \"POSTPROCESS_AT\": \"0\",\n            \"STATUS\": \"E0001\",\n            \"NOTES\": \"Description\\r\\n11/04/2020          18:15:27            SOLMAN_BTC\\r\\n\\r\\nAlert Details\\r\\nName....................Runtime of the Log Backups\\r\\nStart Time..............04.11.2020 18:15:24 CAT\\r\\nEnd Time................04.11.2020 18:15:24 CAT\\r\\nManaged Object..........SM2\\r\\nManaged Object Type.....Database\\r\\nRating..................Red\\r\\nCategory................Configuration\\r\\nStatus..................Open\\r\\n\\r\\nAlert Description\\r\\n\\r\\nThe most recent log backup was running extraordinary long. Investigate w\\r\\nhy the log backup was running so long and resolve the issue.\\r\\nPlease also refer to SAP note 2091951 - Best Practice: SAP HANA Database\\r\\n Backup <(>&<)> Restore\\r\\n\"\n        },\n        {\n            \"CLIENT\": \"100\",\n            \"GUID\": \"000C2966C1591EDB87D70AEB87BC3525\",\n            \"OBJECT_ID\": \"8000000133\",\n            \"PROCESS_TYPE\": \"SMIN\",\n            \"POSTING_DATE\": \"2020-11-04\",\n            \"DESCRIPTION\": \"Database Host Status\",\n            \"DESCR_LANGUAGE\": \"E\",\n            \"LOGICAL_SYSTEM\": \"S11CLNT100\",\n            \"CRM_RELEASE\": \"BBPCRM 713\",\n            \"SCENARIO\": \" A\",\n            \"TEMPLATE_TYPE\": \"\",\n            \"CREATED_AT\": \"20201104161108\",\n            \"CREATED_BY\": \"SOLMAN_BTC\",\n            \"CHANGED_AT\": \"20201104161108\",\n            \"CHANGED_BY\": \"SOLMAN_BTC\",\n            \"HEAD_CHANGED_AT\": \"20201104161108\",\n            \"ORDERADM_H_DUMMY\": \"\",\n            \"INPUT_CHANNEL\": \"\",\n            \"BTX_CLASS\": \"\",\n            \"AUTH_SCOPE\": \"000000\",\n            \"COMP_TX_HEADER\": \"00000000000000000000000000000000\",\n            \"OBJECT_TYPE\": \"BUS2000223\",\n            \"ARCHIVING_FLAG\": \"\",\n            \"DESCRIPTION_UC\": \"DATABASE HOST STATUS\",\n            \"OBJECT_ID_OK\": \"X\",\n            \"VERIFY_DATE\": \"0\",\n            \"CRM_CHANGED_AT\": \"20201104161108\",\n            \"POSTPROCESS_AT\": \"0\",\n            \"STATUS\": \"E0001\",\n            \"NOTES\": \"Description\\r\\n11/04/2020          18:15:27            SOLMAN_BTC\\r\\n\\r\\nAlert Details\\r\\nName....................Database Host Status\\r\\nStart Time..............04.11.2020 18:15:24 CAT\\r\\nEnd Time................04.11.2020 18:15:24 CAT\\r\\nManaged Object..........SM2\\r\\nManaged Object Type.....Database\\r\\nRating..................Yellow\\r\\nCategory................Availability\\r\\nStatus..................Open\\r\\n\\r\\nAlert Description\\r\\n\\r\\nA database host is not fully operational or not running in its configure\\r\\nd role.If not all services are active you should start the missing servi\\r\\nces. If a host is completely unavailable this increases the risk of the\\r\\ndatabase becoming totally unavilability in case further hosts become una\\r\\nvailable. You should restart the host that became unavailable as soon as\\r\\n possible.\\r\\nIn case that a hosts are running not in their configured role this means\\r\\n that a failover has happened between database start and now. The reason\\r\\n for such a failover event should be analyzed if it was unexcepted.\\r\\n\"\n        },\n        {\n            \"CLIENT\": \"100\",\n            \"GUID\": \"000C2966C1591EDB87D70B0BB02A5525\",\n            \"OBJECT_ID\": \"8000000135\",\n            \"PROCESS_TYPE\": \"SMIN\",\n            \"POSTING_DATE\": \"2020-11-04\",\n            \"DESCRIPTION\": \"Disabled Metrics\",\n            \"DESCR_LANGUAGE\": \"E\",\n            \"LOGICAL_SYSTEM\": \"S11CLNT100\",\n            \"CRM_RELEASE\": \"BBPCRM 713\",\n            \"SCENARIO\": \" A\",\n            \"TEMPLATE_TYPE\": \"\",\n            \"CREATED_AT\": \"20201104161108\",\n            \"CREATED_BY\": \"SOLMAN_BTC\",\n            \"CHANGED_AT\": \"20201104161108\",\n            \"CHANGED_BY\": \"SOLMAN_BTC\",\n            \"HEAD_CHANGED_AT\": \"20201104161108\",\n            \"ORDERADM_H_DUMMY\": \"\",\n            \"INPUT_CHANNEL\": \"\",\n            \"BTX_CLASS\": \"\",\n            \"AUTH_SCOPE\": \"000000\",\n            \"COMP_TX_HEADER\": \"00000000000000000000000000000000\",\n            \"OBJECT_TYPE\": \"BUS2000223\",\n            \"ARCHIVING_FLAG\": \"\",\n            \"DESCRIPTION_UC\": \"DISABLED METRICS\",\n            \"OBJECT_ID_OK\": \"X\",\n            \"VERIFY_DATE\": \"0\",\n            \"CRM_CHANGED_AT\": \"20201104161108\",\n            \"POSTPROCESS_AT\": \"0\",\n            \"STATUS\": \"E0001\",\n            \"NOTES\": \"Description\\r\\n11/04/2020          18:15:27            SOLMAN_BTC\\r\\n\\r\\nAlert Details\\r\\nName....................Disabled Metrics\\r\\nStart Time..............04.11.2020 18:15:24 CAT\\r\\nEnd Time................04.11.2020 18:15:24 CAT\\r\\nManaged Object..........SM2\\r\\nManaged Object Type.....Database\\r\\nRating..................Red\\r\\nCategory................Exceptions\\r\\nStatus..................Open\\r\\n\\r\\nAlert Description\\r\\n\\r\\nHANA alert metrics are disabled within the embedded statisticsserver. Th\\r\\nis results in gray metrics and no measurements taking place until these\\r\\nmetrics are enabled again. Metrics are disabled if their runtime was too\\r\\n long. They should be automatically enabled again by HANA. If not you ma\\r\\ny also manually enabled them again.\\r\\nPlease check SAP note 2113228 - 'SAP HANA: Embedded statistics server is\\r\\n not correctly purging' for information how to enable disabled metrics a\\r\\nnd SAP note 2147247 - 'FAQ: SAP HANA Statistics Server' for further info\\r\\nrmation.\\r\\n\"\n        },\n        {\n            \"CLIENT\": \"100\",\n            \"GUID\": \"000C2966C1591EDB87D70B0BB0413525\",\n            \"OBJECT_ID\": \"8000000136\",\n            \"PROCESS_TYPE\": \"SMIN\",\n            \"POSTING_DATE\": \"2020-11-04\",\n            \"DESCRIPTION\": \"Internal Disk-Full Event\",\n            \"DESCR_LANGUAGE\": \"E\",\n            \"LOGICAL_SYSTEM\": \"S11CLNT100\",\n            \"CRM_RELEASE\": \"BBPCRM 713\",\n            \"SCENARIO\": \" A\",\n            \"TEMPLATE_TYPE\": \"\",\n            \"CREATED_AT\": \"20201104161109\",\n            \"CREATED_BY\": \"SOLMAN_BTC\",\n            \"CHANGED_AT\": \"20201104161109\",\n            \"CHANGED_BY\": \"SOLMAN_BTC\",\n            \"HEAD_CHANGED_AT\": \"20201104161109\",\n            \"ORDERADM_H_DUMMY\": \"\",\n            \"INPUT_CHANNEL\": \"\",\n            \"BTX_CLASS\": \"\",\n            \"AUTH_SCOPE\": \"000000\",\n            \"COMP_TX_HEADER\": \"00000000000000000000000000000000\",\n            \"OBJECT_TYPE\": \"BUS2000223\",\n            \"ARCHIVING_FLAG\": \"\",\n            \"DESCRIPTION_UC\": \"INTERNAL DISK-FULL EVENT\",\n            \"OBJECT_ID_OK\": \"X\",\n            \"VERIFY_DATE\": \"0\",\n            \"CRM_CHANGED_AT\": \"20201104161109\",\n            \"POSTPROCESS_AT\": \"0\",\n            \"STATUS\": \"E0001\",\n            \"NOTES\": \"Description\\r\\n11/04/2020          18:15:28            SOLMAN_BTC\\r\\n\\r\\nAlert Details\\r\\nName....................Internal Disk-Full Event\\r\\nStart Time..............04.11.2020 18:15:24 CAT\\r\\nEnd Time................04.11.2020 18:15:24 CAT\\r\\nManaged Object..........SM2\\r\\nManaged Object Type.....Database\\r\\nRating..................Yellow\\r\\nCategory................Exceptions\\r\\nStatus..................Open\\r\\n\\r\\nAlert Description\\r\\n\\r\\nA disk full situation was detected. Resolve the disk full situation.\\r\\nPlease also refer to SAP note 1870858 - HANA Alerts related to file syst\\r\\nem utilization\\r\\n\"\n        },\n        {\n            \"CLIENT\": \"100\",\n            \"GUID\": \"000C2966C1591EDB87D7203788985538\",\n            \"OBJECT_ID\": \"8000000137\",\n            \"PROCESS_TYPE\": \"SMIN\",\n            \"POSTING_DATE\": \"2020-11-04\",\n            \"DESCRIPTION\": \"Number of Diagnosis Files per Host\",\n            \"DESCR_LANGUAGE\": \"E\",\n            \"LOGICAL_SYSTEM\": \"S11CLNT100\",\n            \"CRM_RELEASE\": \"BBPCRM 713\",\n            \"SCENARIO\": \" A\",\n            \"TEMPLATE_TYPE\": \"\",\n            \"CREATED_AT\": \"20201104161552\",\n            \"CREATED_BY\": \"SOLMAN_BTC\",\n            \"CHANGED_AT\": \"20201104161552\",\n            \"CHANGED_BY\": \"SOLMAN_BTC\",\n            \"HEAD_CHANGED_AT\": \"20201104161552\",\n            \"ORDERADM_H_DUMMY\": \"\",\n            \"INPUT_CHANNEL\": \"\",\n            \"BTX_CLASS\": \"\",\n            \"AUTH_SCOPE\": \"000000\",\n            \"COMP_TX_HEADER\": \"00000000000000000000000000000000\",\n            \"OBJECT_TYPE\": \"BUS2000223\",\n            \"ARCHIVING_FLAG\": \"\",\n            \"DESCRIPTION_UC\": \"NUMBER OF DIAGNOSIS FILES PER HOST\",\n            \"OBJECT_ID_OK\": \"X\",\n            \"VERIFY_DATE\": \"0\",\n            \"CRM_CHANGED_AT\": \"20201104161552\",\n            \"POSTPROCESS_AT\": \"0\",\n            \"STATUS\": \"E0001\",\n            \"NOTES\": \"Description\\r\\n11/04/2020          18:20:11            SOLMAN_BTC\\r\\n\\r\\nAlert Details\\r\\nName....................Number of Diagnosis Files per Host\\r\\nStart Time..............04.11.2020 18:20:08 CAT\\r\\nEnd Time................04.11.2020 18:20:08 CAT\\r\\nManaged Object..........SM2\\r\\nManaged Object Type.....Database\\r\\nRating..................Red\\r\\nCategory................Exceptions\\r\\nStatus..................Open\\r\\n\\r\\nAlert Description\\r\\n\\r\\nThe number of diagnosis (trace) files on certain hosts is very high. Che\\r\\nck why there are so many diagnosis files on these hosts. The existence o\\r\\nf many such files might indicate a problem.<(>&<)>lt;br /\\r\\n<(>&<)>gt;http://saphyss198\\r\\n.poc.eoh.co.za:50000/sap/bc/webdynpro/sap/dba_cockpit?action_id=124\\r\\n<(>&<)>syst\\r\\nem_id=SM2<(>&<)>time_from=20201104162008%20\\r\\n<(>&<)>time_to=20201104162008%20<(>&<)>time_zon\\r\\ne=UTC\\r\\nPlease refer to SAP note 1977162 - How to handle HANA Alert 50: 'Number\\r\\nof Diagnosis files'\\r\\nPlease also refer to SAP note 1870858 - HANA Alerts related to file syst\\r\\nem utilization\\r\\n\"\n        },\n        {\n            \"CLIENT\": \"100\",\n            \"GUID\": \"000C2966C1591EDB87D72039C3179538\",\n            \"OBJECT_ID\": \"8000000138\",\n            \"PROCESS_TYPE\": \"SMIN\",\n            \"POSTING_DATE\": \"2020-11-04\",\n            \"DESCRIPTION\": \"Row Store (> 10 GB) fragmentation (%)\",\n            \"DESCR_LANGUAGE\": \"E\",\n            \"LOGICAL_SYSTEM\": \"S11CLNT100\",\n            \"CRM_RELEASE\": \"BBPCRM 713\",\n            \"SCENARIO\": \" A\",\n            \"TEMPLATE_TYPE\": \"\",\n            \"CREATED_AT\": \"20201104161553\",\n            \"CREATED_BY\": \"SOLMAN_BTC\",\n            \"CHANGED_AT\": \"20201104161553\",\n            \"CHANGED_BY\": \"SOLMAN_BTC\",\n            \"HEAD_CHANGED_AT\": \"20201104161553\",\n            \"ORDERADM_H_DUMMY\": \"\",\n            \"INPUT_CHANNEL\": \"\",\n            \"BTX_CLASS\": \"\",\n            \"AUTH_SCOPE\": \"000000\",\n            \"COMP_TX_HEADER\": \"00000000000000000000000000000000\",\n            \"OBJECT_TYPE\": \"BUS2000223\",\n            \"ARCHIVING_FLAG\": \"\",\n            \"DESCRIPTION_UC\": \"ROW STORE (> 10 GB) FRAGMENTATION (%)\",\n            \"OBJECT_ID_OK\": \"X\",\n            \"VERIFY_DATE\": \"0\",\n            \"CRM_CHANGED_AT\": \"20201104161553\",\n            \"POSTPROCESS_AT\": \"0\",\n            \"STATUS\": \"E0001\",\n            \"NOTES\": \"Description\\r\\n11/04/2020          18:20:12            SOLMAN_BTC\\r\\n\\r\\nAlert Details\\r\\nName....................Row Store (> 10 GB) fragmentation (%)\\r\\nStart Time..............04.11.2020 18:20:08 CAT\\r\\nEnd Time................04.11.2020 18:20:08 CAT\\r\\nManaged Object..........SM2\\r\\nManaged Object Type.....Database\\r\\nRating..................Red\\r\\nCategory................Performance\\r\\nStatus..................Open\\r\\n\\r\\nAlert Description\\r\\n\\r\\nReorganize the row store in order to minimize fragmentation.\\r\\n\\r\\nSee SAP Note 1813245 - SAP HANA DB: Row store reorganization for details\\r\\n.\\r\\n\"\n        },\n        {\n            \"CLIENT\": \"100\",\n            \"GUID\": \"000C2966C1591EDB87D7203788AED538\",\n            \"OBJECT_ID\": \"8000000139\",\n            \"PROCESS_TYPE\": \"SMIN\",\n            \"POSTING_DATE\": \"2020-11-04\",\n            \"DESCRIPTION\": \"Size of backup catalog (MB)\",\n            \"DESCR_LANGUAGE\": \"E\",\n            \"LOGICAL_SYSTEM\": \"S11CLNT100\",\n            \"CRM_RELEASE\": \"BBPCRM 713\",\n            \"SCENARIO\": \" A\",\n            \"TEMPLATE_TYPE\": \"\",\n            \"CREATED_AT\": \"20201104161553\",\n            \"CREATED_BY\": \"SOLMAN_BTC\",\n            \"CHANGED_AT\": \"20201104161553\",\n            \"CHANGED_BY\": \"SOLMAN_BTC\",\n            \"HEAD_CHANGED_AT\": \"20201104161553\",\n            \"ORDERADM_H_DUMMY\": \"\",\n            \"INPUT_CHANNEL\": \"\",\n            \"BTX_CLASS\": \"\",\n            \"AUTH_SCOPE\": \"000000\",\n            \"COMP_TX_HEADER\": \"00000000000000000000000000000000\",\n            \"OBJECT_TYPE\": \"BUS2000223\",\n            \"ARCHIVING_FLAG\": \"\",\n            \"DESCRIPTION_UC\": \"SIZE OF BACKUP CATALOG (MB)\",\n            \"OBJECT_ID_OK\": \"X\",\n            \"VERIFY_DATE\": \"0\",\n            \"CRM_CHANGED_AT\": \"20201104161553\",\n            \"POSTPROCESS_AT\": \"0\",\n            \"STATUS\": \"E0001\",\n            \"NOTES\": \"Description\\r\\n11/04/2020          18:20:12            SOLMAN_BTC\\r\\n\\r\\nAlert Details\\r\\nName....................Size of backup catalog (MB)\\r\\nStart Time..............04.11.2020 18:20:08 CAT\\r\\nEnd Time................04.11.2020 18:20:08 CAT\\r\\nManaged Object..........SM2\\r\\nManaged Object Type.....Database\\r\\nRating..................Red\\r\\nCategory................Exceptions\\r\\nStatus..................Open\\r\\n\\r\\nAlert Description\\r\\n\\r\\nKeep the backup catalog at a reasonable size.\\r\\n\\r\\nSee SAP Note 2083715 - Analyzing log volume full situations for details.\\r\\n\"\n        },\n        {\n            \"CLIENT\": \"100\",\n            \"GUID\": \"000C2966C1591EDB87D7205AB23FF538\",\n            \"OBJECT_ID\": \"8000000140\",\n            \"PROCESS_TYPE\": \"SMIN\",\n            \"POSTING_DATE\": \"2020-11-04\",\n            \"DESCRIPTION\": \"Status of Most Recent Data Backup\",\n            \"DESCR_LANGUAGE\": \"E\",\n            \"LOGICAL_SYSTEM\": \"S11CLNT100\",\n            \"CRM_RELEASE\": \"BBPCRM 713\",\n            \"SCENARIO\": \" A\",\n            \"TEMPLATE_TYPE\": \"\",\n            \"CREATED_AT\": \"20201104161554\",\n            \"CREATED_BY\": \"SOLMAN_BTC\",\n            \"CHANGED_AT\": \"20201104161554\",\n            \"CHANGED_BY\": \"SOLMAN_BTC\",\n            \"HEAD_CHANGED_AT\": \"20201104161554\",\n            \"ORDERADM_H_DUMMY\": \"\",\n            \"INPUT_CHANNEL\": \"\",\n            \"BTX_CLASS\": \"\",\n            \"AUTH_SCOPE\": \"000000\",\n            \"COMP_TX_HEADER\": \"00000000000000000000000000000000\",\n            \"OBJECT_TYPE\": \"BUS2000223\",\n            \"ARCHIVING_FLAG\": \"\",\n            \"DESCRIPTION_UC\": \"STATUS OF MOST RECENT DATA BACKUP\",\n            \"OBJECT_ID_OK\": \"X\",\n            \"VERIFY_DATE\": \"0\",\n            \"CRM_CHANGED_AT\": \"20201104161554\",\n            \"POSTPROCESS_AT\": \"0\",\n            \"STATUS\": \"E0001\",\n            \"NOTES\": \"Description\\r\\n11/04/2020          18:20:13            SOLMAN_BTC\\r\\n\\r\\nAlert Details\\r\\nName....................Status of Most Recent Data Backup\\r\\nStart Time..............04.11.2020 18:20:08 CAT\\r\\nEnd Time................04.11.2020 18:20:08 CAT\\r\\nManaged Object..........SM2\\r\\nManaged Object Type.....Database\\r\\nRating..................Red\\r\\nCategory................Exceptions\\r\\nStatus..................Open\\r\\n\\r\\nAlert Description\\r\\n\\r\\nCheck whether the last data backup was successful.<(>&<)>lt;br /\\r\\n<(>&<)>gt;Check the\\r\\nreason, why the last data backup was not successful, resolve the problem\\r\\n and execute a new data backup as soon as possible.<(>&<)>lt;br /\\r\\n<(>&<)>gt;http://sa\\r\\nphyss198.poc.eoh.co.za:50000/sap/bc/webdynpro/sap/dba_cockpit?action_id=\\r\\n155<(>&<)>system_id=SM2<(>&<)>time_from=20201104162008%20\\r\\n<(>&<)>time_to=20201104162008%20<(>&<)>\\r\\ntime_zone=UTC\\r\\nPlease also refer to SAP note 2091951 - Best Practice: SAP HANA Database\\r\\n Backup <(>&<)> Restore\\r\\n\"\n        },\n        {\n            \"CLIENT\": \"100\",\n            \"GUID\": \"000C2966C1591EDB87D7205AB26FD538\",\n            \"OBJECT_ID\": \"8000000141\",\n            \"PROCESS_TYPE\": \"SMIN\",\n            \"POSTING_DATE\": \"2020-11-04\",\n            \"DESCRIPTION\": \"Most Recent Savepoint Operation\",\n            \"DESCR_LANGUAGE\": \"E\",\n            \"LOGICAL_SYSTEM\": \"S11CLNT100\",\n            \"CRM_RELEASE\": \"BBPCRM 713\",\n            \"SCENARIO\": \" A\",\n            \"TEMPLATE_TYPE\": \"\",\n            \"CREATED_AT\": \"20201104161555\",\n            \"CREATED_BY\": \"SOLMAN_BTC\",\n            \"CHANGED_AT\": \"20201104161555\",\n            \"CHANGED_BY\": \"SOLMAN_BTC\",\n            \"HEAD_CHANGED_AT\": \"20201104161555\",\n            \"ORDERADM_H_DUMMY\": \"\",\n            \"INPUT_CHANNEL\": \"\",\n            \"BTX_CLASS\": \"\",\n            \"AUTH_SCOPE\": \"000000\",\n            \"COMP_TX_HEADER\": \"00000000000000000000000000000000\",\n            \"OBJECT_TYPE\": \"BUS2000223\",\n            \"ARCHIVING_FLAG\": \"\",\n            \"DESCRIPTION_UC\": \"MOST RECENT SAVEPOINT OPERATION\",\n            \"OBJECT_ID_OK\": \"X\",\n            \"VERIFY_DATE\": \"0\",\n            \"CRM_CHANGED_AT\": \"20201104161555\",\n            \"POSTPROCESS_AT\": \"0\",\n            \"STATUS\": \"E0001\",\n            \"NOTES\": \"Description\\r\\n11/04/2020          18:20:14            SOLMAN_BTC\\r\\n\\r\\nAlert Details\\r\\nName....................Most Recent Savepoint Operation\\r\\nStart Time..............04.11.2020 18:20:08 CAT\\r\\nEnd Time................04.11.2020 18:20:08 CAT\\r\\nManaged Object..........SM2\\r\\nManaged Object Type.....Database\\r\\nRating..................Red\\r\\nCategory................Exceptions\\r\\nStatus..................Open\\r\\n\\r\\nAlert Description\\r\\n\\r\\nThe savepoint operation is too long ago. Check why the savepoint operati\\r\\non is delayed. Consider to trigger save point manually.\\r\\nPlease also refer to SAP note 1999930 - FAQ: SAP HANA I/O Analysis\\r\\nPlease also refer to SAP note 2100009 - FAQ: SAP HANA Savepoints\\r\\n\"\n        },\n        {\n            \"CLIENT\": \"100\",\n            \"GUID\": \"000C2966C1591EDB87D720814593F538\",\n            \"OBJECT_ID\": \"8000000142\",\n            \"PROCESS_TYPE\": \"SMIN\",\n            \"POSTING_DATE\": \"2020-11-04\",\n            \"DESCRIPTION\": \"Number of Diagnosis Files\",\n            \"DESCR_LANGUAGE\": \"E\",\n            \"LOGICAL_SYSTEM\": \"S11CLNT100\",\n            \"CRM_RELEASE\": \"BBPCRM 713\",\n            \"SCENARIO\": \" A\",\n            \"TEMPLATE_TYPE\": \"\",\n            \"CREATED_AT\": \"20201104161555\",\n            \"CREATED_BY\": \"SOLMAN_BTC\",\n            \"CHANGED_AT\": \"20201104161555\",\n            \"CHANGED_BY\": \"SOLMAN_BTC\",\n            \"HEAD_CHANGED_AT\": \"20201104161555\",\n            \"ORDERADM_H_DUMMY\": \"\",\n            \"INPUT_CHANNEL\": \"\",\n            \"BTX_CLASS\": \"\",\n            \"AUTH_SCOPE\": \"000000\",\n            \"COMP_TX_HEADER\": \"00000000000000000000000000000000\",\n            \"OBJECT_TYPE\": \"BUS2000223\",\n            \"ARCHIVING_FLAG\": \"\",\n            \"DESCRIPTION_UC\": \"NUMBER OF DIAGNOSIS FILES\",\n            \"OBJECT_ID_OK\": \"X\",\n            \"VERIFY_DATE\": \"0\",\n            \"CRM_CHANGED_AT\": \"20201104161555\",\n            \"POSTPROCESS_AT\": \"0\",\n            \"STATUS\": \"E0001\",\n            \"NOTES\": \"Description\\r\\n11/04/2020          18:20:14            SOLMAN_BTC\\r\\n\\r\\nAlert Details\\r\\nName....................Number of Diagnosis Files\\r\\nStart Time..............04.11.2020 18:20:08 CAT\\r\\nEnd Time................04.11.2020 18:20:08 CAT\\r\\nManaged Object..........SM2\\r\\nManaged Object Type.....Database\\r\\nRating..................Red\\r\\nCategory................Exceptions\\r\\nStatus..................Open\\r\\n\\r\\nAlert Description\\r\\n\\r\\nThe number of diagnosis (trace) files is very high. Check why there are\\r\\nso many diagnosis files. The existence of many such files might indicate\\r\\n a problem.<(>&<)>lt;br /\\r\\n<(>&<)>gt;http://saphyss198.poc.eoh.co.za:50000/sap/bc/webd\\r\\nynpro/sap/dba_cockpit?action_id=124<(>&<)>system_id=SM2\\r\\n<(>&<)>time_from=202011041620\\r\\n08%20<(>&<)>time_to=20201104162008%20<(>&<)>time_zone=UTC\\r\\nPlease refer to SAP note 1977162 - How to handle HANA Alert 50: 'Number\\r\\nof Diagnosis files'\\r\\nPlease also refer to SAP note 1870858 - HANA Alerts related to file syst\\r\\nem utilization\\r\\n\"\n        },\n        {\n            \"CLIENT\": \"100\",\n            \"GUID\": \"000C2966C1591EDB87D7208145B5F538\",\n            \"OBJECT_ID\": \"8000000143\",\n            \"PROCESS_TYPE\": \"SMIN\",\n            \"POSTING_DATE\": \"2020-11-04\",\n            \"DESCRIPTION\": \"Size of Diagnosis Files\",\n            \"DESCR_LANGUAGE\": \"E\",\n            \"LOGICAL_SYSTEM\": \"S11CLNT100\",\n            \"CRM_RELEASE\": \"BBPCRM 713\",\n            \"SCENARIO\": \" A\",\n            \"TEMPLATE_TYPE\": \"\",\n            \"CREATED_AT\": \"20201104161556\",\n            \"CREATED_BY\": \"SOLMAN_BTC\",\n            \"CHANGED_AT\": \"20201104161556\",\n            \"CHANGED_BY\": \"SOLMAN_BTC\",\n            \"HEAD_CHANGED_AT\": \"20201104161556\",\n            \"ORDERADM_H_DUMMY\": \"\",\n            \"INPUT_CHANNEL\": \"\",\n            \"BTX_CLASS\": \"\",\n            \"AUTH_SCOPE\": \"000000\",\n            \"COMP_TX_HEADER\": \"00000000000000000000000000000000\",\n            \"OBJECT_TYPE\": \"BUS2000223\",\n            \"ARCHIVING_FLAG\": \"\",\n            \"DESCRIPTION_UC\": \"SIZE OF DIAGNOSIS FILES\",\n            \"OBJECT_ID_OK\": \"X\",\n            \"VERIFY_DATE\": \"0\",\n            \"CRM_CHANGED_AT\": \"20201104161556\",\n            \"POSTPROCESS_AT\": \"0\",\n            \"STATUS\": \"E0001\",\n            \"NOTES\": \"Description\\r\\n11/04/2020          18:20:15            SOLMAN_BTC\\r\\n\\r\\nAlert Details\\r\\nName....................Size of Diagnosis Files\\r\\nStart Time..............04.11.2020 18:20:08 CAT\\r\\nEnd Time................04.11.2020 18:20:08 CAT\\r\\nManaged Object..........SM2\\r\\nManaged Object Type.....Database\\r\\nRating..................Yellow\\r\\nCategory................Exceptions\\r\\nStatus..................Open\\r\\n\\r\\nAlert Description\\r\\n\\r\\nThe size of some diagnosis files is very large. Check the size of indivi\\r\\ndual diagnosis files. If a diagnosis file is large this might indicate a\\r\\nn issue with the database.<(>&<)>lt;br /\\r\\n<(>&<)>gt;http://saphyss198.poc.eoh.co.za:50\\r\\n000/sap/bc/webdynpro/sap/dba_cockpit?action_id=124<(>&<)>system_id=SM2\\r\\n<(>&<)>time_fr\\r\\nom=20201104162008%20<(>&<)>time_to=20201104162008%20<(>&<)>time_zone=UTC\\r\\nPlease also refer to SAP note 1870858 - HANA Alerts related to file syst\\r\\nem utilization\\r\\n\"\n        },\n        {\n            \"CLIENT\": \"100\",\n            \"GUID\": \"000C2966C1591EDB87D720A68A5CB538\",\n            \"OBJECT_ID\": \"8000000144\",\n            \"PROCESS_TYPE\": \"SMIN\",\n            \"POSTING_DATE\": \"2020-11-04\",\n            \"DESCRIPTION\": \"Disk Usage\",\n            \"DESCR_LANGUAGE\": \"E\",\n            \"LOGICAL_SYSTEM\": \"S11CLNT100\",\n            \"CRM_RELEASE\": \"BBPCRM 713\",\n            \"SCENARIO\": \" A\",\n            \"TEMPLATE_TYPE\": \"\",\n            \"CREATED_AT\": \"20201104161558\",\n            \"CREATED_BY\": \"SOLMAN_BTC\",\n            \"CHANGED_AT\": \"20201104161558\",\n            \"CHANGED_BY\": \"SOLMAN_BTC\",\n            \"HEAD_CHANGED_AT\": \"20201104161558\",\n            \"ORDERADM_H_DUMMY\": \"\",\n            \"INPUT_CHANNEL\": \"\",\n            \"BTX_CLASS\": \"\",\n            \"AUTH_SCOPE\": \"000000\",\n            \"COMP_TX_HEADER\": \"00000000000000000000000000000000\",\n            \"OBJECT_TYPE\": \"BUS2000223\",\n            \"ARCHIVING_FLAG\": \"\",\n            \"DESCRIPTION_UC\": \"DISK USAGE\",\n            \"OBJECT_ID_OK\": \"X\",\n            \"VERIFY_DATE\": \"0\",\n            \"CRM_CHANGED_AT\": \"20201104161558\",\n            \"POSTPROCESS_AT\": \"0\",\n            \"STATUS\": \"E0001\",\n            \"NOTES\": \"Description\\r\\n11/04/2020          18:20:17            SOLMAN_BTC\\r\\n\\r\\nAlert Details\\r\\nName....................Disk Usage\\r\\nStart Time..............04.11.2020 18:20:08 CAT\\r\\nEnd Time................04.11.2020 18:20:08 CAT\\r\\nManaged Object..........SM2\\r\\nManaged Object Type.....Database\\r\\nRating..................Yellow\\r\\nCategory................Exceptions\\r\\nStatus..................Open\\r\\n\\r\\nAlert Description\\r\\n\\r\\nHigh disk space utilization was detected. Check disk usage. Out of disk\\r\\nspace may result in a complete standstill.<(>&<)>lt;br /\\r\\n<(>&<)>gt;http://saphyss198.\\r\\npoc.eoh.co.za:50000/sap/bc/webdynpro/sap/dba_cockpit?action_id=113\\r\\n<(>&<)>syste\\r\\nm_id=SM2<(>&<)>time_from=20201104162008%20\\r\\n<(>&<)>time_to=20201104162008%20<(>&<)>time_zone\\r\\n=UTC\\r\\nPlease also refer to SAP note 1870858 - HANA Alerts related to file syst\\r\\nem utilization\\r\\nPlease refer to SAP note 2083715 - Analyzing log volume full situations\\r\\n\"\n        },\n        {\n            \"CLIENT\": \"100\",\n            \"GUID\": \"000C2966C1591EDB87D7440BDC035552\",\n            \"OBJECT_ID\": \"8000000145\",\n            \"PROCESS_TYPE\": \"SMIN\",\n            \"POSTING_DATE\": \"2020-11-04\",\n            \"DESCRIPTION\": \"Bad system response time\",\n            \"DESCR_LANGUAGE\": \"E\",\n            \"LOGICAL_SYSTEM\": \"S11CLNT100\",\n            \"CRM_RELEASE\": \"BBPCRM 713\",\n            \"SCENARIO\": \" A\",\n            \"TEMPLATE_TYPE\": \"\",\n            \"CREATED_AT\": \"20201104162354\",\n            \"CREATED_BY\": \"SOLMAN_BTC\",\n            \"CHANGED_AT\": \"20201104162354\",\n            \"CHANGED_BY\": \"SOLMAN_BTC\",\n            \"HEAD_CHANGED_AT\": \"20201104162354\",\n            \"ORDERADM_H_DUMMY\": \"\",\n            \"INPUT_CHANNEL\": \"\",\n            \"BTX_CLASS\": \"\",\n            \"AUTH_SCOPE\": \"000000\",\n            \"COMP_TX_HEADER\": \"00000000000000000000000000000000\",\n            \"OBJECT_TYPE\": \"BUS2000223\",\n            \"ARCHIVING_FLAG\": \"\",\n            \"DESCRIPTION_UC\": \"BAD SYSTEM RESPONSE TIME\",\n            \"OBJECT_ID_OK\": \"X\",\n            \"VERIFY_DATE\": \"0\",\n            \"CRM_CHANGED_AT\": \"20201104162354\",\n            \"POSTPROCESS_AT\": \"0\",\n            \"STATUS\": \"E0001\",\n            \"NOTES\": \"SY-SYSID ............... SM2\\r\\nSY-MANDT ............... 100\\r\\n\\r\\nInstallation number .... 0020789055\\r\\n\\r\\nSystem type ............ Development System\\r\\n\\r\\nSAP version\\r\\nRelease ................ 740\\r\\nSupport Package Level .. 0019\\r\\n\\r\\nDatabase ............... SAP 2.00.044.00.1571\\r\\n\\r\\nDatabase Server\\r\\nVendor ................. HITACHI\\r\\nName ................... saphanadb4\\r\\nIP address ............. 10.10.52.200\\r\\nType ................... P\\r\\nCPU type ............... Intel(R) Xeon(R) CPU E7-8880 v2 @ 2.50GHz\\r\\nOperating system ....... SUSE Linux Enterprise Server for SAP Applications SLES12\\r\\n\\r\\nMessage Server\\r\\nVendor .................\\r\\nName ................... saphyss198\\r\\nIP address ............. 10.10.52.198\\r\\nType ................... U\\r\\nCPU type ...............\\r\\nOperating system ....... Linux 4.4.73-7-default\\r\\n\\r\\nSoftware Component/Release/Support Package Level\\r\\nBBPCRM                          713         0016\\r\\nBI_CONT                         757         0018\\r\\nBP-SOLBLD                       70VA\\r\\nCPRXRPMCTS_PLUGGRCFND_AGRCPINWIW\"\n        },\n        {\n            \"CLIENT\": \"100\",\n            \"GUID\": \"000C2966C1591EDB87D7EAA31980B5FB\",\n            \"OBJECT_ID\": \"8000000146\",\n            \"PROCESS_TYPE\": \"SMIN\",\n            \"POSTING_DATE\": \"2020-11-04\",\n            \"DESCRIPTION\": \"Batch Job Errors\",\n            \"DESCR_LANGUAGE\": \"E\",\n            \"LOGICAL_SYSTEM\": \"S11CLNT100\",\n            \"CRM_RELEASE\": \"BBPCRM 713\",\n            \"SCENARIO\": \" A\",\n            \"TEMPLATE_TYPE\": \"\",\n            \"CREATED_AT\": \"20201104170110\",\n            \"CREATED_BY\": \"SOLMAN_BTC\",\n            \"CHANGED_AT\": \"20201104170110\",\n            \"CHANGED_BY\": \"SOLMAN_BTC\",\n            \"HEAD_CHANGED_AT\": \"20201104170110\",\n            \"ORDERADM_H_DUMMY\": \"\",\n            \"INPUT_CHANNEL\": \"\",\n            \"BTX_CLASS\": \"\",\n            \"AUTH_SCOPE\": \"000000\",\n            \"COMP_TX_HEADER\": \"00000000000000000000000000000000\",\n            \"OBJECT_TYPE\": \"BUS2000223\",\n            \"ARCHIVING_FLAG\": \"\",\n            \"DESCRIPTION_UC\": \"BATCH JOB ERRORS\",\n            \"OBJECT_ID_OK\": \"X\",\n            \"VERIFY_DATE\": \"0\",\n            \"CRM_CHANGED_AT\": \"20201104170110\",\n            \"POSTPROCESS_AT\": \"0\",\n            \"STATUS\": \"E0001\",\n            \"NOTES\": \"SY-SYSID ............... SM2\\r\\nSY-MANDT ............... 100\\r\\n\\r\\nInstallation number .... 0020789055\\r\\n\\r\\nSystem type ............ Development System\\r\\n\\r\\nSAP version\\r\\nRelease ................ 740\\r\\nSupport Package Level .. 0019\\r\\n\\r\\nDatabase ............... SAP 2.00.044.00.1571\\r\\n\\r\\nDatabase Server\\r\\nVendor ................. HITACHI\\r\\nName ................... saphanadb4\\r\\nIP address ............. 10.10.52.200\\r\\nType ................... P\\r\\nCPU type ............... Intel(R) Xeon(R) CPU E7-8880 v2 @ 2.50GHz\\r\\nOperating system ....... SUSE Linux Enterprise Server for SAP Applications SLES12\\r\\n\\r\\nMessage Server\\r\\nVendor .................\\r\\nName ................... saphyss198\\r\\nIP address ............. 10.10.52.198\\r\\nType ................... U\\r\\nCPU type ...............\\r\\nOperating system ....... Linux 4.4.73-7-default\\r\\n\\r\\nSoftware Component/Release/Support Package Level\\r\\nBBPCRM                          713         0016\\r\\nBI_CONT                         757         0018\\r\\nBP-SOLBLD                       70VA\\r\\nCPRXRPMCTS_PLUGGRCFND_AGRCPINWIW\"\n        },\n        {\n            \"CLIENT\": \"100\",\n            \"GUID\": \"000C2966C1591EEB87B37D62DD8457D8\",\n            \"OBJECT_ID\": \"8000000098\",\n            \"PROCESS_TYPE\": \"ZMIN\",\n            \"POSTING_DATE\": \"2020-11-03\",\n            \"DESCRIPTION\": \"Most Recent Savepoint Operation- New upd\",\n            \"DESCR_LANGUAGE\": \"E\",\n            \"LOGICAL_SYSTEM\": \"S11CLNT100\",\n            \"CRM_RELEASE\": \"BBPCRM 713\",\n            \"SCENARIO\": \" A\",\n            \"TEMPLATE_TYPE\": \"\",\n            \"CREATED_AT\": \"20201103061510\",\n            \"CREATED_BY\": \"SOLMAN_BTC\",\n            \"CHANGED_AT\": \"20201104170440\",\n            \"CHANGED_BY\": \"HEMANTHD\",\n            \"HEAD_CHANGED_AT\": \"20201104170440\",\n            \"ORDERADM_H_DUMMY\": \"\",\n            \"INPUT_CHANNEL\": \"\",\n            \"BTX_CLASS\": \"\",\n            \"AUTH_SCOPE\": \"000000\",\n            \"COMP_TX_HEADER\": \"00000000000000000000000000000000\",\n            \"OBJECT_TYPE\": \"BUS2000223\",\n            \"ARCHIVING_FLAG\": \"\",\n            \"DESCRIPTION_UC\": \"MOST RECENT SAVEPOINT OPERATION- NEW UPD\",\n            \"OBJECT_ID_OK\": \"X\",\n            \"VERIFY_DATE\": \"0\",\n            \"CRM_CHANGED_AT\": \"20201104170440\",\n            \"POSTPROCESS_AT\": \"0\",\n            \"STATUS\": \"E0001\",\n            \"NOTES\": \"Description\\r\\n11/03/2020          08:19:28            SOLMAN_BTC\\r\\n\\r\\nAlert Details\\r\\nName....................Most Recent Savepoint Operation\\r\\nStart Time..............03.11.2020 08:19:22 CAT\\r\\nEnd Time................03.11.2020 08:19:22 CAT\\r\\nManaged Object..........SM2\\r\\nManaged Object Type.....Database\\r\\nRating..................Yellow\\r\\nCategory................Exceptions\\r\\nStatus..................Open\\r\\n\\r\\nAlert Description\\r\\n\\r\\nThe savepoint operation is too long ago. Check why the savepoint operati\\r\\non is delayed. Consider to trigger save point manually.\\r\\nPlease also refer to SAP note 1999930 - FAQ: SAP HANA I/O Analysis\\r\\nPlease also refer to SAP note 2100009 - FAQ: SAP HANA Savepoints\\r\\n\"\n        },\n        {\n            \"CLIENT\": \"100\",\n            \"GUID\": \"000C2966C1591EDB87D811AD5EA73616\",\n            \"OBJECT_ID\": \"8000000147\",\n            \"PROCESS_TYPE\": \"SMIN\",\n            \"POSTING_DATE\": \"2020-11-04\",\n            \"DESCRIPTION\": \"Batch Job Errors\",\n            \"DESCR_LANGUAGE\": \"E\",\n            \"LOGICAL_SYSTEM\": \"S11CLNT100\",\n            \"CRM_RELEASE\": \"BBPCRM 713\",\n            \"SCENARIO\": \" A\",\n            \"TEMPLATE_TYPE\": \"\",\n            \"CREATED_AT\": \"20201104170954\",\n            \"CREATED_BY\": \"SOLMAN_BTC\",\n            \"CHANGED_AT\": \"20201104170954\",\n            \"CHANGED_BY\": \"SOLMAN_BTC\",\n            \"HEAD_CHANGED_AT\": \"20201104170954\",\n            \"ORDERADM_H_DUMMY\": \"\",\n            \"INPUT_CHANNEL\": \"\",\n            \"BTX_CLASS\": \"\",\n            \"AUTH_SCOPE\": \"000000\",\n            \"COMP_TX_HEADER\": \"00000000000000000000000000000000\",\n            \"OBJECT_TYPE\": \"BUS2000223\",\n            \"ARCHIVING_FLAG\": \"\",\n            \"DESCRIPTION_UC\": \"BATCH JOB ERRORS\",\n            \"OBJECT_ID_OK\": \"X\",\n            \"VERIFY_DATE\": \"0\",\n            \"CRM_CHANGED_AT\": \"20201104170954\",\n            \"POSTPROCESS_AT\": \"0\",\n            \"STATUS\": \"E0001\",\n            \"NOTES\": \"SY-SYSID ............... SM2\\r\\nSY-MANDT ............... 100\\r\\n\\r\\nInstallation number .... 0020789055\\r\\n\\r\\nSystem type ............ Development System\\r\\n\\r\\nSAP version\\r\\nRelease ................ 740\\r\\nSupport Package Level .. 0019\\r\\n\\r\\nDatabase ............... SAP 2.00.044.00.1571\\r\\n\\r\\nDatabase Server\\r\\nVendor ................. HITACHI\\r\\nName ................... saphanadb4\\r\\nIP address ............. 10.10.52.200\\r\\nType ................... P\\r\\nCPU type ............... Intel(R) Xeon(R) CPU E7-8880 v2 @ 2.50GHz\\r\\nOperating system ....... SUSE Linux Enterprise Server for SAP Applications SLES12\\r\\n\\r\\nMessage Server\\r\\nVendor .................\\r\\nName ................... saphyss198\\r\\nIP address ............. 10.10.52.198\\r\\nType ................... U\\r\\nCPU type ...............\\r\\nOperating system ....... Linux 4.4.73-7-default\\r\\n\\r\\nSoftware Component/Release/Support Package Level\\r\\nBBPCRM                          713         0016\\r\\nBI_CONT                         757         0018\\r\\nBP-SOLBLD                       70VA\\r\\nCPRXRPMCTS_PLUGGRCFND_AGRCPINWIW\"\n        },\n        {\n            \"CLIENT\": \"100\",\n            \"GUID\": \"000C2966C1591EDB87D83652E2F49636\",\n            \"OBJECT_ID\": \"8000000148\",\n            \"PROCESS_TYPE\": \"ZMIN\",\n            \"POSTING_DATE\": \"2020-11-04\",\n            \"DESCRIPTION\": \"High number of threads waiting for locks\",\n            \"DESCR_LANGUAGE\": \"E\",\n            \"LOGICAL_SYSTEM\": \"S11CLNT100\",\n            \"CRM_RELEASE\": \"BBPCRM 713\",\n            \"SCENARIO\": \" A\",\n            \"TEMPLATE_TYPE\": \"\",\n            \"CREATED_AT\": \"20201104171838\",\n            \"CREATED_BY\": \"HEMANTHD\",\n            \"CHANGED_AT\": \"20201104171838\",\n            \"CHANGED_BY\": \"HEMANTHD\",\n            \"HEAD_CHANGED_AT\": \"20201104171838\",\n            \"ORDERADM_H_DUMMY\": \"\",\n            \"INPUT_CHANNEL\": \"\",\n            \"BTX_CLASS\": \"\",\n            \"AUTH_SCOPE\": \"000000\",\n            \"COMP_TX_HEADER\": \"00000000000000000000000000000000\",\n            \"OBJECT_TYPE\": \"BUS2000223\",\n            \"ARCHIVING_FLAG\": \"\",\n            \"DESCRIPTION_UC\": \"HIGH NUMBER OF THREADS WAITING FOR LOCKS\",\n            \"OBJECT_ID_OK\": \"X\",\n            \"VERIFY_DATE\": \"0\",\n            \"CRM_CHANGED_AT\": \"20201104171838\",\n            \"POSTPROCESS_AT\": \"0\",\n            \"STATUS\": \"E0001\",\n            \"NOTES\": \"SY-SYSID ............... SA1\\r\\nSY-MANDT ............... 000\\r\\n\\r\\nInstallation number .... 0020789055\\r\\n\\r\\nSystem type ............ Development System\\r\\n\\r\\nSAP version\\r\\nRelease ................ 740\\r\\nSupport Package Level .. 0019\\r\\n\\r\\nDatabase ............... SAP 1.00.122.06.1485\\r\\n\\r\\nDatabase Server\\r\\nVendor ................. HITACHI\\r\\nName ................... saphanadb2\\r\\nIP address ............. 10.10.52.120\\r\\nType ................... P\\r\\nCPU type ............... Intel(R) Xeon(R) CPU E7-8880 v2 @ 2.50GHz\\r\\nOperating system ....... SUSE Linux Enterprise Server for SAP Applications SLES12\\r\\n\\r\\nMessage Server\\r\\nVendor ................. VMware, Inc.\\r\\nName ................... sapsmdapp158\\r\\nIP address ............. 10.10.52.158\\r\\nType ................... V\\r\\nCPU type ............... Intel(R) Xeon(R) CPU E7-8880 v2 @ 2.50GHz\\r\\nOperating system ....... SUSE Linux Enterprise Server for SAP Applications SLES12\\r\\n\\r\\nSoftware Component/Release/Support Package Level\\r\\nBBPCRM                          713         0016\\r\\nBI_CONTBP-SOLBLDCPRXRPMCTS_PL\"\n        },\n        {\n            \"CLIENT\": \"100\",\n            \"GUID\": \"000C2966C1591EDB87D1701163C7F02F\",\n            \"OBJECT_ID\": \"8000000123\",\n            \"PROCESS_TYPE\": \"ZMIN\",\n            \"POSTING_DATE\": \"2020-11-04\",\n            \"DESCRIPTION\": \"High number of threads waiting for locks\",\n            \"DESCR_LANGUAGE\": \"E\",\n            \"LOGICAL_SYSTEM\": \"S11CLNT100\",\n            \"CRM_RELEASE\": \"BBPCRM 713\",\n            \"SCENARIO\": \" A\",\n            \"TEMPLATE_TYPE\": \"\",\n            \"CREATED_AT\": \"20201104105011\",\n            \"CREATED_BY\": \"SOLMAN_BTC\",\n            \"CHANGED_AT\": \"20201104173650\",\n            \"CHANGED_BY\": \"HEMANTHD\",\n            \"HEAD_CHANGED_AT\": \"20201104173650\",\n            \"ORDERADM_H_DUMMY\": \"\",\n            \"INPUT_CHANNEL\": \"\",\n            \"BTX_CLASS\": \"\",\n            \"AUTH_SCOPE\": \"000000\",\n            \"COMP_TX_HEADER\": \"00000000000000000000000000000000\",\n            \"OBJECT_TYPE\": \"BUS2000223\",\n            \"ARCHIVING_FLAG\": \"\",\n            \"DESCRIPTION_UC\": \"HIGH NUMBER OF THREADS WAITING FOR LOCKS\",\n            \"OBJECT_ID_OK\": \"X\",\n            \"VERIFY_DATE\": \"0\",\n            \"CRM_CHANGED_AT\": \"20201104173650\",\n            \"POSTPROCESS_AT\": \"0\",\n            \"STATUS\": \"E0002\",\n            \"NOTES\": \"Description\\r\\n11/04/2020          12:54:30            SOLMAN_BTC\\r\\n\\r\\nAlert Details\\r\\nName....................High number of threads waiting for locks\\r\\nStart Time..............04.11.2020 12:54:24 CAT\\r\\nEnd Time................04.11.2020 12:54:24 CAT\\r\\nManaged Object..........SM2\\r\\nManaged Object Type.....Database\\r\\nRating..................Yellow\\r\\nCategory................Performance\\r\\nStatus..................Open\\r\\n\\r\\nAlert Description\\r\\n\\r\\nA high number of blocked threads were detected. This may indicate a perf\\r\\normance problems. Try to find the blocking reason. More details can be f\\r\\nound in the thread details within the active thread overview or by check\\r\\ning the active thread history. Analyze and eliminate current transaction\\r\\nal and internal lock wait situations.\\r\\nCheck SAP note 1999998 - 'FAQ: SAP HANA Lock Analysis' for information h\\r\\now to solve locking situations.\\r\\n\"\n        },\n        {\n            \"CLIENT\": \"100\",\n            \"GUID\": \"000C2966C1591EDB87D89D0A6FAB1693\",\n            \"OBJECT_ID\": \"8000000149\",\n            \"PROCESS_TYPE\": \"ZMIN\",\n            \"POSTING_DATE\": \"2020-11-04\",\n            \"DESCRIPTION\": \"Babu Test new\",\n            \"DESCR_LANGUAGE\": \"E\",\n            \"LOGICAL_SYSTEM\": \"S11CLNT100\",\n            \"CRM_RELEASE\": \"BBPCRM 713\",\n            \"SCENARIO\": \" A\",\n            \"TEMPLATE_TYPE\": \"\",\n            \"CREATED_AT\": \"20201104174135\",\n            \"CREATED_BY\": \"HEMANTHD\",\n            \"CHANGED_AT\": \"20201104174135\",\n            \"CHANGED_BY\": \"HEMANTHD\",\n            \"HEAD_CHANGED_AT\": \"20201104174135\",\n            \"ORDERADM_H_DUMMY\": \"\",\n            \"INPUT_CHANNEL\": \"\",\n            \"BTX_CLASS\": \"\",\n            \"AUTH_SCOPE\": \"000000\",\n            \"COMP_TX_HEADER\": \"00000000000000000000000000000000\",\n            \"OBJECT_TYPE\": \"BUS2000223\",\n            \"ARCHIVING_FLAG\": \"\",\n            \"DESCRIPTION_UC\": \"BABU TEST NEW\",\n            \"OBJECT_ID_OK\": \"X\",\n            \"VERIFY_DATE\": \"0\",\n            \"CRM_CHANGED_AT\": \"20201104174135\",\n            \"POSTPROCESS_AT\": \"0\",\n            \"STATUS\": \"E0001\",\n            \"NOTES\": \"SY-SYSID ............... SA1\\r\\nSY-MANDT ............... 000\\r\\n\\r\\nInstallation number .... 0020789055\\r\\n\\r\\nSystem type ............ Development System\\r\\n\\r\\nSAP version\\r\\nRelease ................ 740\\r\\nSupport Package Level .. 0019\\r\\n\\r\\nDatabase ............... SAP 1.00.122.06.1485\\r\\n\\r\\nDatabase Server\\r\\nVendor ................. HITACHI\\r\\nName ................... saphanadb2\\r\\nIP address ............. 10.10.52.120\\r\\nType ................... P\\r\\nCPU type ............... Intel(R) Xeon(R) CPU E7-8880 v2 @ 2.50GHz\\r\\nOperating system ....... SUSE Linux Enterprise Server for SAP Applications SLES12\\r\\n\\r\\nMessage Server\\r\\nVendor ................. VMware, Inc.\\r\\nName ................... sapsmdapp158\\r\\nIP address ............. 10.10.52.158\\r\\nType ................... V\\r\\nCPU type ............... Intel(R) Xeon(R) CPU E7-8880 v2 @ 2.50GHz\\r\\nOperating system ....... SUSE Linux Enterprise Server for SAP Applications SLES12\\r\\n\\r\\nSoftware Component/Release/Support Package Level\\r\\nBBPCRM                          713         0016\\r\\nBI_CONTBP-SOLBLDCPRXRPMCTS_PL\"\n        },\n        {\n            \"CLIENT\": \"100\",\n            \"GUID\": \"000C2966C1591EDB87DA0335E14117B4\",\n            \"OBJECT_ID\": \"8000000150\",\n            \"PROCESS_TYPE\": \"ZMIN\",\n            \"POSTING_DATE\": \"2020-11-04\",\n            \"DESCRIPTION\": \"Errors in ABAP System Log\",\n            \"DESCR_LANGUAGE\": \"E\",\n            \"LOGICAL_SYSTEM\": \"S11CLNT100\",\n            \"CRM_RELEASE\": \"BBPCRM 713\",\n            \"SCENARIO\": \" A\",\n            \"TEMPLATE_TYPE\": \"\",\n            \"CREATED_AT\": \"20201104190117\",\n            \"CREATED_BY\": \"SOLMAN_BTC\",\n            \"CHANGED_AT\": \"20201104190117\",\n            \"CHANGED_BY\": \"SOLMAN_BTC\",\n            \"HEAD_CHANGED_AT\": \"20201104190117\",\n            \"ORDERADM_H_DUMMY\": \"\",\n            \"INPUT_CHANNEL\": \"\",\n            \"BTX_CLASS\": \"\",\n            \"AUTH_SCOPE\": \"000000\",\n            \"COMP_TX_HEADER\": \"00000000000000000000000000000000\",\n            \"OBJECT_TYPE\": \"BUS2000223\",\n            \"ARCHIVING_FLAG\": \"\",\n            \"DESCRIPTION_UC\": \"ERRORS IN ABAP SYSTEM LOG\",\n            \"OBJECT_ID_OK\": \"X\",\n            \"VERIFY_DATE\": \"0\",\n            \"CRM_CHANGED_AT\": \"20201104190117\",\n            \"POSTPROCESS_AT\": \"0\",\n            \"STATUS\": \"E0001\",\n            \"NOTES\": \"SY-SYSID ............... SM2\\r\\nSY-MANDT ............... 100\\r\\n\\r\\nInstallation number .... 0020789055\\r\\n\\r\\nSystem type ............ Development System\\r\\n\\r\\nSAP version\\r\\nRelease ................ 740\\r\\nSupport Package Level .. 0019\\r\\n\\r\\nDatabase ............... SAP 2.00.044.00.1571\\r\\n\\r\\nDatabase Server\\r\\nVendor ................. HITACHI\\r\\nName ................... saphanadb4\\r\\nIP address ............. 10.10.52.200\\r\\nType ................... P\\r\\nCPU type ............... Intel(R) Xeon(R) CPU E7-8880 v2 @ 2.50GHz\\r\\nOperating system ....... SUSE Linux Enterprise Server for SAP Applications SLES12\\r\\n\\r\\nMessage Server\\r\\nVendor .................\\r\\nName ................... saphyss198\\r\\nIP address ............. 10.10.52.198\\r\\nType ................... U\\r\\nCPU type ...............\\r\\nOperating system ....... Linux 4.4.73-7-default\\r\\n\\r\\nSoftware Component/Release/Support Package Level\\r\\nBBPCRM                          713         0016\\r\\nBI_CONT                         757         0018\\r\\nBP-SOLBLD                       70VA\\r\\nCPRXRPMCTS_PLUGGRCFND_AGRCPINWIW\"\n        },\n        {\n            \"CLIENT\": \"100\",\n            \"GUID\": \"000C2966C1591EDB87DB0DE330ACF88B\",\n            \"OBJECT_ID\": \"8000000151\",\n            \"PROCESS_TYPE\": \"SMIN\",\n            \"POSTING_DATE\": \"2020-11-04\",\n            \"DESCRIPTION\": \"Batch Job Errors\",\n            \"DESCR_LANGUAGE\": \"E\",\n            \"LOGICAL_SYSTEM\": \"S11CLNT100\",\n            \"CRM_RELEASE\": \"BBPCRM 713\",\n            \"SCENARIO\": \" A\",\n            \"TEMPLATE_TYPE\": \"\",\n            \"CREATED_AT\": \"20201104200051\",\n            \"CREATED_BY\": \"SOLMAN_BTC\",\n            \"CHANGED_AT\": \"20201104200051\",\n            \"CHANGED_BY\": \"SOLMAN_BTC\",\n            \"HEAD_CHANGED_AT\": \"20201104200051\",\n            \"ORDERADM_H_DUMMY\": \"\",\n            \"INPUT_CHANNEL\": \"\",\n            \"BTX_CLASS\": \"\",\n            \"AUTH_SCOPE\": \"000000\",\n            \"COMP_TX_HEADER\": \"00000000000000000000000000000000\",\n            \"OBJECT_TYPE\": \"BUS2000223\",\n            \"ARCHIVING_FLAG\": \"\",\n            \"DESCRIPTION_UC\": \"BATCH JOB ERRORS\",\n            \"OBJECT_ID_OK\": \"X\",\n            \"VERIFY_DATE\": \"0\",\n            \"CRM_CHANGED_AT\": \"20201104200051\",\n            \"POSTPROCESS_AT\": \"0\",\n            \"STATUS\": \"E0001\",\n            \"NOTES\": \"SY-SYSID ............... SM2\\r\\nSY-MANDT ............... 100\\r\\n\\r\\nInstallation number .... 0020789055\\r\\n\\r\\nSystem type ............ Development System\\r\\n\\r\\nSAP version\\r\\nRelease ................ 740\\r\\nSupport Package Level .. 0019\\r\\n\\r\\nDatabase ............... SAP 2.00.044.00.1571\\r\\n\\r\\nDatabase Server\\r\\nVendor ................. HITACHI\\r\\nName ................... saphanadb4\\r\\nIP address ............. 10.10.52.200\\r\\nType ................... P\\r\\nCPU type ............... Intel(R) Xeon(R) CPU E7-8880 v2 @ 2.50GHz\\r\\nOperating system ....... SUSE Linux Enterprise Server for SAP Applications SLES12\\r\\n\\r\\nMessage Server\\r\\nVendor .................\\r\\nName ................... saphyss198\\r\\nIP address ............. 10.10.52.198\\r\\nType ................... U\\r\\nCPU type ...............\\r\\nOperating system ....... Linux 4.4.73-7-default\\r\\n\\r\\nSoftware Component/Release/Support Package Level\\r\\nBBPCRM                          713         0016\\r\\nBI_CONT                         757         0018\\r\\nBP-SOLBLD                       70VA\\r\\nCPRXRPMCTS_PLUGGRCFND_AGRCPINWIW\"\n        },\n        {\n            \"CLIENT\": \"100\",\n            \"GUID\": \"000C2966C1591EDB87DB377605EAD8B0\",\n            \"OBJECT_ID\": \"8000000152\",\n            \"PROCESS_TYPE\": \"SMIN\",\n            \"POSTING_DATE\": \"2020-11-04\",\n            \"DESCRIPTION\": \"Batch Job Errors\",\n            \"DESCR_LANGUAGE\": \"E\",\n            \"LOGICAL_SYSTEM\": \"S11CLNT100\",\n            \"CRM_RELEASE\": \"BBPCRM 713\",\n            \"SCENARIO\": \" A\",\n            \"TEMPLATE_TYPE\": \"\",\n            \"CREATED_AT\": \"20201104201009\",\n            \"CREATED_BY\": \"SOLMAN_BTC\",\n            \"CHANGED_AT\": \"20201104201009\",\n            \"CHANGED_BY\": \"SOLMAN_BTC\",\n            \"HEAD_CHANGED_AT\": \"20201104201009\",\n            \"ORDERADM_H_DUMMY\": \"\",\n            \"INPUT_CHANNEL\": \"\",\n            \"BTX_CLASS\": \"\",\n            \"AUTH_SCOPE\": \"000000\",\n            \"COMP_TX_HEADER\": \"00000000000000000000000000000000\",\n            \"OBJECT_TYPE\": \"BUS2000223\",\n            \"ARCHIVING_FLAG\": \"\",\n            \"DESCRIPTION_UC\": \"BATCH JOB ERRORS\",\n            \"OBJECT_ID_OK\": \"X\",\n            \"VERIFY_DATE\": \"0\",\n            \"CRM_CHANGED_AT\": \"20201104201009\",\n            \"POSTPROCESS_AT\": \"0\",\n            \"STATUS\": \"E0001\",\n            \"NOTES\": \"SY-SYSID ............... SM2\\r\\nSY-MANDT ............... 100\\r\\n\\r\\nInstallation number .... 0020789055\\r\\n\\r\\nSystem type ............ Development System\\r\\n\\r\\nSAP version\\r\\nRelease ................ 740\\r\\nSupport Package Level .. 0019\\r\\n\\r\\nDatabase ............... SAP 2.00.044.00.1571\\r\\n\\r\\nDatabase Server\\r\\nVendor ................. HITACHI\\r\\nName ................... saphanadb4\\r\\nIP address ............. 10.10.52.200\\r\\nType ................... P\\r\\nCPU type ............... Intel(R) Xeon(R) CPU E7-8880 v2 @ 2.50GHz\\r\\nOperating system ....... SUSE Linux Enterprise Server for SAP Applications SLES12\\r\\n\\r\\nMessage Server\\r\\nVendor .................\\r\\nName ................... saphyss198\\r\\nIP address ............. 10.10.52.198\\r\\nType ................... U\\r\\nCPU type ...............\\r\\nOperating system ....... Linux 4.4.73-7-default\\r\\n\\r\\nSoftware Component/Release/Support Package Level\\r\\nBBPCRM                          713         0016\\r\\nBI_CONT                         757         0018\\r\\nBP-SOLBLD                       70VA\\r\\nCPRXRPMCTS_PLUGGRCFND_AGRCPINWIW\"\n        },\n        {\n            \"CLIENT\": \"100\",\n            \"GUID\": \"000C2966C1591EDB87DCE4B4F6FDDA35\",\n            \"OBJECT_ID\": \"8000000153\",\n            \"PROCESS_TYPE\": \"SMIN\",\n            \"POSTING_DATE\": \"2020-11-04\",\n            \"DESCRIPTION\": \"Disk Usage\",\n            \"DESCR_LANGUAGE\": \"E\",\n            \"LOGICAL_SYSTEM\": \"S11CLNT100\",\n            \"CRM_RELEASE\": \"BBPCRM 713\",\n            \"SCENARIO\": \" A\",\n            \"TEMPLATE_TYPE\": \"\",\n            \"CREATED_AT\": \"20201104214610\",\n            \"CREATED_BY\": \"SOLMAN_BTC\",\n            \"CHANGED_AT\": \"20201104214610\",\n            \"CHANGED_BY\": \"SOLMAN_BTC\",\n            \"HEAD_CHANGED_AT\": \"20201104214610\",\n            \"ORDERADM_H_DUMMY\": \"\",\n            \"INPUT_CHANNEL\": \"\",\n            \"BTX_CLASS\": \"\",\n            \"AUTH_SCOPE\": \"000000\",\n            \"COMP_TX_HEADER\": \"00000000000000000000000000000000\",\n            \"OBJECT_TYPE\": \"BUS2000223\",\n            \"ARCHIVING_FLAG\": \"\",\n            \"DESCRIPTION_UC\": \"DISK USAGE\",\n            \"OBJECT_ID_OK\": \"X\",\n            \"VERIFY_DATE\": \"0\",\n            \"CRM_CHANGED_AT\": \"20201104214610\",\n            \"POSTPROCESS_AT\": \"0\",\n            \"STATUS\": \"E0001\",\n            \"NOTES\": \"Description\\r\\n11/04/2020          23:50:29            SOLMAN_BTC\\r\\n\\r\\nAlert Details\\r\\nName....................Disk Usage\\r\\nStart Time..............04.11.2020 23:50:24 CAT\\r\\nEnd Time................04.11.2020 23:50:24 CAT\\r\\nManaged Object..........SM2\\r\\nManaged Object Type.....Database\\r\\nRating..................Red\\r\\nCategory................Exceptions\\r\\nStatus..................Open\\r\\n\\r\\nAlert Description\\r\\n\\r\\nHigh disk space utilization was detected. Check disk usage. Out of disk\\r\\nspace may result in a complete standstill.<(>&<)>lt;br /\\r\\n<(>&<)>gt;http://saphyss198.\\r\\npoc.eoh.co.za:50000/sap/bc/webdynpro/sap/dba_cockpit?action_id=113\\r\\n<(>&<)>syste\\r\\nm_id=SM2<(>&<)>time_from=20201104215024%20\\r\\n<(>&<)>time_to=20201104215024%20<(>&<)>time_zone\\r\\n=UTC\\r\\nPlease also refer to SAP note 1870858 - HANA Alerts related to file syst\\r\\nem utilization\\r\\nPlease refer to SAP note 2083715 - Analyzing log volume full situations\\r\\n\"\n        },\n        {\n            \"CLIENT\": \"100\",\n            \"GUID\": \"000C2966C1591EDB87DD6AEBBB45FAB1\",\n            \"OBJECT_ID\": \"8000000154\",\n            \"PROCESS_TYPE\": \"SMIN\",\n            \"POSTING_DATE\": \"2020-11-05\",\n            \"DESCRIPTION\": \"Most Recent Savepoint Operation\",\n            \"DESCR_LANGUAGE\": \"E\",\n            \"LOGICAL_SYSTEM\": \"S11CLNT100\",\n            \"CRM_RELEASE\": \"BBPCRM 713\",\n            \"SCENARIO\": \" A\",\n            \"TEMPLATE_TYPE\": \"\",\n            \"CREATED_AT\": \"20201104221611\",\n            \"CREATED_BY\": \"SOLMAN_BTC\",\n            \"CHANGED_AT\": \"20201104221611\",\n            \"CHANGED_BY\": \"SOLMAN_BTC\",\n            \"HEAD_CHANGED_AT\": \"20201104221611\",\n            \"ORDERADM_H_DUMMY\": \"\",\n            \"INPUT_CHANNEL\": \"\",\n            \"BTX_CLASS\": \"\",\n            \"AUTH_SCOPE\": \"000000\",\n            \"COMP_TX_HEADER\": \"00000000000000000000000000000000\",\n            \"OBJECT_TYPE\": \"BUS2000223\",\n            \"ARCHIVING_FLAG\": \"\",\n            \"DESCRIPTION_UC\": \"MOST RECENT SAVEPOINT OPERATION\",\n            \"OBJECT_ID_OK\": \"X\",\n            \"VERIFY_DATE\": \"0\",\n            \"CRM_CHANGED_AT\": \"20201104221611\",\n            \"POSTPROCESS_AT\": \"0\",\n            \"STATUS\": \"E0001\",\n            \"NOTES\": \"Description\\r\\n11/05/2020          00:20:30            SOLMAN_BTC\\r\\n\\r\\nAlert Details\\r\\nName....................Most Recent Savepoint Operation\\r\\nStart Time..............05.11.2020 00:20:24 CAT\\r\\nEnd Time................05.11.2020 00:20:24 CAT\\r\\nManaged Object..........SM2\\r\\nManaged Object Type.....Database\\r\\nRating..................Yellow\\r\\nCategory................Exceptions\\r\\nStatus..................Open\\r\\n\\r\\nAlert Description\\r\\n\\r\\nThe savepoint operation is too long ago. Check why the savepoint operati\\r\\non is delayed. Consider to trigger save point manually.\\r\\nPlease also refer to SAP note 1999930 - FAQ: SAP HANA I/O Analysis\\r\\nPlease also refer to SAP note 2100009 - FAQ: SAP HANA Savepoints\\r\\n\"\n        },\n        {\n            \"CLIENT\": \"100\",\n            \"GUID\": \"000C2966C1591EDB87DE1D6FF0279B43\",\n            \"OBJECT_ID\": \"8000000155\",\n            \"PROCESS_TYPE\": \"SMIN\",\n            \"POSTING_DATE\": \"2020-11-05\",\n            \"DESCRIPTION\": \"Test SMIN - 11/04\",\n            \"DESCR_LANGUAGE\": \"E\",\n            \"LOGICAL_SYSTEM\": \"S11CLNT100\",\n            \"CRM_RELEASE\": \"BBPCRM 713\",\n            \"SCENARIO\": \" A\",\n            \"TEMPLATE_TYPE\": \"\",\n            \"CREATED_AT\": \"20201104225659\",\n            \"CREATED_BY\": \"HEMANTHD\",\n            \"CHANGED_AT\": \"20201104231055\",\n            \"CHANGED_BY\": \"HEMANTHD\",\n            \"HEAD_CHANGED_AT\": \"20201104231055\",\n            \"ORDERADM_H_DUMMY\": \"\",\n            \"INPUT_CHANNEL\": \"\",\n            \"BTX_CLASS\": \"\",\n            \"AUTH_SCOPE\": \"000000\",\n            \"COMP_TX_HEADER\": \"00000000000000000000000000000000\",\n            \"OBJECT_TYPE\": \"BUS2000223\",\n            \"ARCHIVING_FLAG\": \"\",\n            \"DESCRIPTION_UC\": \"TEST SMIN - 11/04\",\n            \"OBJECT_ID_OK\": \"X\",\n            \"VERIFY_DATE\": \"0\",\n            \"CRM_CHANGED_AT\": \"20201104231055\",\n            \"POSTPROCESS_AT\": \"0\",\n            \"STATUS\": \"E0002\",\n            \"NOTES\": \"SY-SYSID ............... SA1\\r\\nSY-MANDT ............... 000\\r\\n\\r\\nInstallation number .... 0020789055\\r\\n\\r\\nSystem type ............ Development System\\r\\n\\r\\nSAP version\\r\\nRelease ................ 740\\r\\nSupport Package Level .. 0019\\r\\n\\r\\nDatabase ............... SAP 1.00.122.06.1485\\r\\n\\r\\nDatabase Server\\r\\nVendor ................. HITACHI\\r\\nName ................... saphanadb2\\r\\nIP address ............. 10.10.52.120\\r\\nType ................... P\\r\\nCPU type ............... Intel(R) Xeon(R) CPU E7-8880 v2 @ 2.50GHz\\r\\nOperating system ....... SUSE Linux Enterprise Server for SAP Applications SLES12\\r\\n\\r\\nMessage Server\\r\\nVendor ................. VMware, Inc.\\r\\nName ................... sapsmdapp158\\r\\nIP address ............. 10.10.52.158\\r\\nType ................... V\\r\\nCPU type ............... Intel(R) Xeon(R) CPU E7-8880 v2 @ 2.50GHz\\r\\nOperating system ....... SUSE Linux Enterprise Server for SAP Applications SLES12\\r\\n\\r\\nSoftware Component/Release/Support Package Level\\r\\nBBPCRM                          713         0016\\r\\nBI_CONTBP-SOLBLDCPRXRPMCTS_PL\"\n        },\n        {\n            \"CLIENT\": \"100\",\n            \"GUID\": \"000C2966C1591EDB87DE735347F55B8E\",\n            \"OBJECT_ID\": \"8000000156\",\n            \"PROCESS_TYPE\": \"SMIN\",\n            \"POSTING_DATE\": \"2020-11-05\",\n            \"DESCRIPTION\": \"Test\",\n            \"DESCR_LANGUAGE\": \"E\",\n            \"LOGICAL_SYSTEM\": \"S11CLNT100\",\n            \"CRM_RELEASE\": \"BBPCRM 713\",\n            \"SCENARIO\": \" A\",\n            \"TEMPLATE_TYPE\": \"\",\n            \"CREATED_AT\": \"20201104231541\",\n            \"CREATED_BY\": \"HEMANTHD\",\n            \"CHANGED_AT\": \"20201104231541\",\n            \"CHANGED_BY\": \"HEMANTHD\",\n            \"HEAD_CHANGED_AT\": \"20201104231541\",\n            \"ORDERADM_H_DUMMY\": \"\",\n            \"INPUT_CHANNEL\": \"\",\n            \"BTX_CLASS\": \"\",\n            \"AUTH_SCOPE\": \"000000\",\n            \"COMP_TX_HEADER\": \"00000000000000000000000000000000\",\n            \"OBJECT_TYPE\": \"BUS2000223\",\n            \"ARCHIVING_FLAG\": \"\",\n            \"DESCRIPTION_UC\": \"TEST\",\n            \"OBJECT_ID_OK\": \"X\",\n            \"VERIFY_DATE\": \"0\",\n            \"CRM_CHANGED_AT\": \"20201104231541\",\n            \"POSTPROCESS_AT\": \"0\",\n            \"STATUS\": \"E0001\",\n            \"NOTES\": \"SY-SYSID ............... SA1\\r\\nSY-MANDT ............... 000\\r\\n\\r\\nInstallation number .... 0020789055\\r\\n\\r\\nSystem type ............ Development System\\r\\n\\r\\nSAP version\\r\\nRelease ................ 740\\r\\nSupport Package Level .. 0019\\r\\n\\r\\nDatabase ............... SAP 1.00.122.06.1485\\r\\n\\r\\nDatabase Server\\r\\nVendor ................. HITACHI\\r\\nName ................... saphanadb2\\r\\nIP address ............. 10.10.52.120\\r\\nType ................... P\\r\\nCPU type ............... Intel(R) Xeon(R) CPU E7-8880 v2 @ 2.50GHz\\r\\nOperating system ....... SUSE Linux Enterprise Server for SAP Applications SLES12\\r\\n\\r\\nMessage Server\\r\\nVendor ................. VMware, Inc.\\r\\nName ................... sapsmdapp158\\r\\nIP address ............. 10.10.52.158\\r\\nType ................... V\\r\\nCPU type ............... Intel(R) Xeon(R) CPU E7-8880 v2 @ 2.50GHz\\r\\nOperating system ....... SUSE Linux Enterprise Server for SAP Applications SLES12\\r\\n\\r\\nSoftware Component/Release/Support Package Level\\r\\nBBPCRM                          713         0016\\r\\nBI_CONTBP-SOLBLDCPRXRPMCTS_PL\"\n        },\n        {\n            \"CLIENT\": \"100\",\n            \"GUID\": \"000C2966C1591EDB87DE75B3BFED9B8E\",\n            \"OBJECT_ID\": \"5000000000\",\n            \"PROCESS_TYPE\": \"SMIN\",\n            \"POSTING_DATE\": \"2020-11-05\",\n            \"DESCRIPTION\": \"Most Recent Savepoint Operation\",\n            \"DESCR_LANGUAGE\": \"E\",\n            \"LOGICAL_SYSTEM\": \"S11CLNT100\",\n            \"CRM_RELEASE\": \"BBPCRM 713\",\n            \"SCENARIO\": \" A\",\n            \"TEMPLATE_TYPE\": \"\",\n            \"CREATED_AT\": \"20201104231551\",\n            \"CREATED_BY\": \"SOLMAN_BTC\",\n            \"CHANGED_AT\": \"20201104231551\",\n            \"CHANGED_BY\": \"SOLMAN_BTC\",\n            \"HEAD_CHANGED_AT\": \"20201104231551\",\n            \"ORDERADM_H_DUMMY\": \"\",\n            \"INPUT_CHANNEL\": \"\",\n            \"BTX_CLASS\": \"\",\n            \"AUTH_SCOPE\": \"000000\",\n            \"COMP_TX_HEADER\": \"00000000000000000000000000000000\",\n            \"OBJECT_TYPE\": \"BUS2000223\",\n            \"ARCHIVING_FLAG\": \"\",\n            \"DESCRIPTION_UC\": \"MOST RECENT SAVEPOINT OPERATION\",\n            \"OBJECT_ID_OK\": \"X\",\n            \"VERIFY_DATE\": \"0\",\n            \"CRM_CHANGED_AT\": \"20201104231551\",\n            \"POSTPROCESS_AT\": \"0\",\n            \"STATUS\": \"E0001\",\n            \"NOTES\": \"Description\\r\\n11/05/2020          01:20:10            SOLMAN_BTC\\r\\n\\r\\nAlert Details\\r\\nName....................Most Recent Savepoint Operation\\r\\nStart Time..............05.11.2020 01:20:07 CAT\\r\\nEnd Time................05.11.2020 01:20:07 CAT\\r\\nManaged Object..........SM2\\r\\nManaged Object Type.....Database\\r\\nRating..................Red\\r\\nCategory................Exceptions\\r\\nStatus..................Open\\r\\n\\r\\nAlert Description\\r\\n\\r\\nThe savepoint operation is too long ago. Check why the savepoint operati\\r\\non is delayed. Consider to trigger save point manually.\\r\\nPlease also refer to SAP note 1999930 - FAQ: SAP HANA I/O Analysis\\r\\nPlease also refer to SAP note 2100009 - FAQ: SAP HANA Savepoints\\r\\n\"\n        },\n        {\n            \"CLIENT\": \"100\",\n            \"GUID\": \"000C2966C1591EDB87DF3F1707211C3E\",\n            \"OBJECT_ID\": \"5000000002\",\n            \"PROCESS_TYPE\": \"SMIN\",\n            \"POSTING_DATE\": \"2020-11-05\",\n            \"DESCRIPTION\": \"Failed IO Writes\",\n            \"DESCR_LANGUAGE\": \"E\",\n            \"LOGICAL_SYSTEM\": \"S11CLNT100\",\n            \"CRM_RELEASE\": \"BBPCRM 713\",\n            \"SCENARIO\": \" A\",\n            \"TEMPLATE_TYPE\": \"\",\n            \"CREATED_AT\": \"20201105000056\",\n            \"CREATED_BY\": \"SOLMAN_BTC\",\n            \"CHANGED_AT\": \"20201105000056\",\n            \"CHANGED_BY\": \"SOLMAN_BTC\",\n            \"HEAD_CHANGED_AT\": \"20201105000056\",\n            \"ORDERADM_H_DUMMY\": \"\",\n            \"INPUT_CHANNEL\": \"\",\n            \"BTX_CLASS\": \"\",\n            \"AUTH_SCOPE\": \"000000\",\n            \"COMP_TX_HEADER\": \"00000000000000000000000000000000\",\n            \"OBJECT_TYPE\": \"BUS2000223\",\n            \"ARCHIVING_FLAG\": \"\",\n            \"DESCRIPTION_UC\": \"FAILED IO WRITES\",\n            \"OBJECT_ID_OK\": \"X\",\n            \"VERIFY_DATE\": \"0\",\n            \"CRM_CHANGED_AT\": \"20201105000056\",\n            \"POSTPROCESS_AT\": \"0\",\n            \"STATUS\": \"E0001\",\n            \"NOTES\": \"Description\\r\\n11/05/2020          02:05:15            SOLMAN_BTC\\r\\n\\r\\nAlert Details\\r\\nName....................Failed IO Writes\\r\\nStart Time..............05.11.2020 02:05:05 CAT\\r\\nEnd Time................05.11.2020 02:05:05 CAT\\r\\nManaged Object..........SM2\\r\\nManaged Object Type.....Database\\r\\nRating..................Yellow\\r\\nCategory................Exceptions\\r\\nStatus..................Open\\r\\n\\r\\nAlert Description\\r\\n\\r\\nFailed IO write operations have been detected. Check the IO subsystem wh\\r\\nether it shows any issues. Check when and on which disk areas the errors\\r\\n happened and take appropriate actions to avoid failedwrites in the futu\\r\\nre.\\r\\nCheck SAP note 1999930 - 'FAQ: SAP HANA I/O Analysis' for more detailed\\r\\ninformation.\\r\\n\"\n        },\n        {\n            \"CLIENT\": \"100\",\n            \"GUID\": \"000C2966C1591EDB87DF821F89E53C71\",\n            \"OBJECT_ID\": \"5000000003\",\n            \"PROCESS_TYPE\": \"SMIN\",\n            \"POSTING_DATE\": \"2020-11-05\",\n            \"DESCRIPTION\": \"Status of Most Recent Log Backups\",\n            \"DESCR_LANGUAGE\": \"E\",\n            \"LOGICAL_SYSTEM\": \"S11CLNT100\",\n            \"CRM_RELEASE\": \"BBPCRM 713\",\n            \"SCENARIO\": \" A\",\n            \"TEMPLATE_TYPE\": \"\",\n            \"CREATED_AT\": \"20201105001555\",\n            \"CREATED_BY\": \"SOLMAN_BTC\",\n            \"CHANGED_AT\": \"20201105001555\",\n            \"CHANGED_BY\": \"SOLMAN_BTC\",\n            \"HEAD_CHANGED_AT\": \"20201105001555\",\n            \"ORDERADM_H_DUMMY\": \"\",\n            \"INPUT_CHANNEL\": \"\",\n            \"BTX_CLASS\": \"\",\n            \"AUTH_SCOPE\": \"000000\",\n            \"COMP_TX_HEADER\": \"00000000000000000000000000000000\",\n            \"OBJECT_TYPE\": \"BUS2000223\",\n            \"ARCHIVING_FLAG\": \"\",\n            \"DESCRIPTION_UC\": \"STATUS OF MOST RECENT LOG BACKUPS\",\n            \"OBJECT_ID_OK\": \"X\",\n            \"VERIFY_DATE\": \"0\",\n            \"CRM_CHANGED_AT\": \"20201105001555\",\n            \"POSTPROCESS_AT\": \"0\",\n            \"STATUS\": \"E0001\",\n            \"NOTES\": \"Description\\r\\n11/05/2020          02:20:14            SOLMAN_BTC\\r\\n\\r\\nAlert Details\\r\\nName....................Status of Most Recent Log Backups\\r\\nStart Time..............05.11.2020 02:20:10 CAT\\r\\nEnd Time................05.11.2020 02:20:10 CAT\\r\\nManaged Object..........SM2\\r\\nManaged Object Type.....Database\\r\\nRating..................Red\\r\\nCategory................Exceptions\\r\\nStatus..................Open\\r\\n\\r\\nAlert Description\\r\\n\\r\\nCheck whether the last log backups were successful.<(>&<)>lt;br /\\r\\n<(>&<)>gt;Check the\\r\\n reason, why the a log backup was not successful and resolve the problem\\r\\n.<(>&<)>lt;br /\\r\\n<(>&<)>gt;http://saphyss198.poc.eoh.co.za:50000/sap/bc/webdynpro/sap/\\r\\ndba_cockpit?action_id=155<(>&<)>system_id=SM2\\r\\n<(>&<)>time_from=20201105002010%20<(>&<)>time\\r\\n_to=20201105002010%20<(>&<)>time_zone=UTC\\r\\nPlease also refer to SAP note 2091951 - Best Practice: SAP HANA Database\\r\\n Backup <(>&<)> Restore\\r\\n\"\n        },\n        {\n            \"CLIENT\": \"100\",\n            \"GUID\": \"000C2966C1591EDB87DF822C65E0FC71\",\n            \"OBJECT_ID\": \"5000000004\",\n            \"PROCESS_TYPE\": \"SMIN\",\n            \"POSTING_DATE\": \"2020-11-05\",\n            \"DESCRIPTION\": \"Bad avg. I/O throughput (MB/s, last hour\",\n            \"DESCR_LANGUAGE\": \"E\",\n            \"LOGICAL_SYSTEM\": \"S11CLNT100\",\n            \"CRM_RELEASE\": \"BBPCRM 713\",\n            \"SCENARIO\": \" A\",\n            \"TEMPLATE_TYPE\": \"\",\n            \"CREATED_AT\": \"20201105001556\",\n            \"CREATED_BY\": \"SOLMAN_BTC\",\n            \"CHANGED_AT\": \"20201105001556\",\n            \"CHANGED_BY\": \"SOLMAN_BTC\",\n            \"HEAD_CHANGED_AT\": \"20201105001556\",\n            \"ORDERADM_H_DUMMY\": \"\",\n            \"INPUT_CHANNEL\": \"\",\n            \"BTX_CLASS\": \"\",\n            \"AUTH_SCOPE\": \"000000\",\n            \"COMP_TX_HEADER\": \"00000000000000000000000000000000\",\n            \"OBJECT_TYPE\": \"BUS2000223\",\n            \"ARCHIVING_FLAG\": \"\",\n            \"DESCRIPTION_UC\": \"BAD AVG. I/O THROUGHPUT (MB/S, LAST HOUR\",\n            \"OBJECT_ID_OK\": \"X\",\n            \"VERIFY_DATE\": \"0\",\n            \"CRM_CHANGED_AT\": \"20201105001556\",\n            \"POSTPROCESS_AT\": \"0\",\n            \"STATUS\": \"E0001\",\n            \"NOTES\": \"Description\\r\\n11/05/2020          02:20:15            SOLMAN_BTC\\r\\n\\r\\nAlert Details\\r\\nName....................Bad avg. I/O throughput (MB/s, last hour)\\r\\nStart Time..............05.11.2020 02:20:10 CAT\\r\\nEnd Time................05.11.2020 02:20:10 CAT\\r\\nManaged Object..........SM2\\r\\nManaged Object Type.....Database\\r\\nRating..................Red\\r\\nCategory................Performance\\r\\nStatus..................Open\\r\\n\\r\\nAlert Description\\r\\n\\r\\nCheck for bottlenecks and possible optimizations in the I/O stack relate\\r\\nd to the read accesses to data area (operating system, file system, netw\\r\\nork to I/O sub system, I/O sub system).\\r\\n\\r\\nSee SAP Note 1999930 - FAQ: SAP HANA I/O Analysis for details.\\r\\n\"\n        },\n        {\n            \"CLIENT\": \"100\",\n            \"GUID\": \"000C2966C1591EDB87DE7EF3E7EA5BA1\",\n            \"OBJECT_ID\": \"5000000001\",\n            \"PROCESS_TYPE\": \"SMIN\",\n            \"POSTING_DATE\": \"2020-11-05\",\n            \"DESCRIPTION\": \"Update from SAP\",\n            \"DESCR_LANGUAGE\": \"E\",\n            \"LOGICAL_SYSTEM\": \"S11CLNT100\",\n            \"CRM_RELEASE\": \"BBPCRM 713\",\n            \"SCENARIO\": \" A\",\n            \"TEMPLATE_TYPE\": \"\",\n            \"CREATED_AT\": \"20201104231917\",\n            \"CREATED_BY\": \"HEMANTHD\",\n            \"CHANGED_AT\": \"20201105002152\",\n            \"CHANGED_BY\": \"HEMANTHD\",\n            \"HEAD_CHANGED_AT\": \"20201105002152\",\n            \"ORDERADM_H_DUMMY\": \"\",\n            \"INPUT_CHANNEL\": \"\",\n            \"BTX_CLASS\": \"\",\n            \"AUTH_SCOPE\": \"000000\",\n            \"COMP_TX_HEADER\": \"00000000000000000000000000000000\",\n            \"OBJECT_TYPE\": \"BUS2000223\",\n            \"ARCHIVING_FLAG\": \"\",\n            \"DESCRIPTION_UC\": \"UPDATE FROM SAP\",\n            \"OBJECT_ID_OK\": \"X\",\n            \"VERIFY_DATE\": \"0\",\n            \"CRM_CHANGED_AT\": \"20201105002152\",\n            \"POSTPROCESS_AT\": \"0\",\n            \"STATUS\": \"E0009\",\n            \"NOTES\": \"\"\n        }\n    ],\n    \"CT_TEXT\": []\n}","statusCode":2,"contentAvailable":true},"Request":{"specId":5,"type":"Request","adapterType":null,"specType":null,"status":"Active","specification":null,"samplePayload":null,"statusCode":2,"contentAvailable":false}}},"CREATE_RECORD":{"templateId":4,"operation":"CREATE_RECORD","httpVerb":"PUT","restUrl":"/sap/bc/zcrmcall/Z_FM_CRM_ORDER_UPDATE?sap-client=${Instance}","specifications":{"Response":{"specId":7,"type":"Response","adapterType":null,"specType":"None","status":"Active","specification":"{}","samplePayload":"{}","statusCode":2,"contentAvailable":true},"Request":{"specId":8,"type":"Request","adapterType":null,"specType":"None","status":"Active","specification":"{}","samplePayload":"{}","statusCode":2,"contentAvailable":true}}}},"default":true}]