{"version":null,"displayName":"sapsolman","type":"sap","logo":"sap.png","logoSmall":"sap.png","metadata":[{"name":"Instance","dependent":false,"dependentMetadata":null,"values":[{"id":"100","name":"100","attributeName":null,"referenceType":null,"dependents":null,"regex":false}]},{"name":"Entity_Type","dependent":false,"dependentMetadata":null,"values":[{"id":"alert","name":"Alert","attributeName":null,"referenceType":null,"dependents":null,"regex":false}]}],"fields":[{"id":"PARTNER","name":"Parner","datatype":"String","values":[{"id":"1","name":"Acme","attributeName":null,"referenceType":null,"dependents":null,"regex":false},{"id":"181","name":"HEMANTHD","attributeName":null,"referenceType":null,"dependents":null,"regex":false}]},{"id":"CHANGED_AT","name":"Changed At","datatype":"Datetime","values":null},{"id":"NOTES","name":"NOTES","datatype":"String","values":null},{"id":"STATUS","name":"Status","datatype":"String","values":[{"id":"E0001","name":"New","attributeName":null,"referenceType":null,"dependents":null,"regex":false},{"id":"E0002","name":"In Process","attributeName":null,"referenceType":null,"dependents":null,"regex":false},{"id":"E0005","name":"Proposed Solution","attributeName":null,"referenceType":null,"dependents":null,"regex":false},{"id":"E0009","name":"Forwarded","attributeName":null,"referenceType":null,"dependents":null,"regex":false},{"id":"E0003","name":"Customer Action","attributeName":null,"referenceType":null,"dependents":null,"regex":false},{"id":"E0004","name":"Sent to SAP","attributeName":null,"referenceType":null,"dependents":null,"regex":false},{"id":"E0008","name":"Closed","attributeName":null,"referenceType":null,"dependents":null,"regex":false}]},{"id":"DESCRIPTION","name":"Description","datatype":"String","values":null},{"id":"Entity_Type","name":"Entity Type","datatype":"String","values":[{"id":"1","name":"Alert","attributeName":null,"referenceType":null,"dependents":null,"regex":false}]},{"id":"PRIORITY","name":"Priority","datatype":"String","values":[{"id":"3","name":"Medium","attributeName":null,"referenceType":null,"dependents":null,"regex":false},{"id":"2","name":"High","attributeName":null,"referenceType":null,"dependents":null,"regex":false},{"id":"4","name":"Low","attributeName":null,"referenceType":null,"dependents":null,"regex":false},{"id":"1","name":"Very High","attributeName":null,"referenceType":null,"dependents":null,"regex":false}]},{"id":"id","name":"ID","datatype":"String","values":null}],"loginOptions":[],"idFieldName":"id","titleFieldName":"DESCRIPTION","projectFieldName":"","artifactFieldName":"Entity_Type","testStepsFieldName":null,"changedDateFieldName":"CHANGED_AT","dateFormat":"yyyyMMdd","dateTimeFormat":"yyyyMMddHHmmss","queryDateFormat":"yyyyMMddHHmmss","iso8601DateFormat":false,"commentFieldName":null,"commentFieldId":null,"attachmentFieldName":null,"attachmentFieldId":null,"apiVersion":null,"callBackUrlConfigured":false,"callBackUrls":null,"apiProvider":"ExternalApplication","applicationType":null,"urlDescription":"","userNameDescription":"","passwordDescription":"","paginationSupported":false,"paginationAttributes":null,"status":"Active","active":true,"syncModel":"ReadWrite"}